﻿<?xml version="1.0" encoding="utf-8"?>
<deployment>
  <id>5a6d801328fd11b75bc998336485eecf7676c69f</id>
  <author>Christopher Atwell</author>
  <deployer>GitHub</deployer>
  <authorEmail>catwell@mys3tech.com</authorEmail>
  <message>Refactor playlist architecture and update content references
    
    Introduces a migration to correct the data flow: playlists now reference content directly, and schedules reference layouts. Updates PlaylistRepository to use ContentId and FileUrl instead of LayoutId and Url, aligning with the new schema.</message>
  <progress></progress>
  <status>Success</status>
  <statusText></statusText>
  <lastSuccessEndTime>2025-10-21T19:50:41.1395914Z</lastSuccessEndTime>
  <receivedTime>2025-10-21T19:45:55.7058783Z</receivedTime>
  <startTime>2025-10-21T19:45:57.4692855Z</startTime>
  <endTime>2025-10-21T19:50:41.1395914Z</endTime>
  <complete>True</complete>
  <is_temp>False</is_temp>
  <is_readonly>False</is_readonly>
  <buildSummary />
</deployment>