﻿<?xml version="1.0" encoding="utf-8"?>
<deployment>
  <id>1bf0d2b8444d7efea76c8303c57b435299de5464</id>
  <author>Christopher Atwell</author>
  <deployer>GitHub</deployer>
  <authorEmail>catwell@mys3tech.com</authorEmail>
  <message>Fix Azure deployment timeout by disabling server-side build
    
    The container was timing out because npm install was taking too long
    (3+ minutes per package) during Azure's build process. Since the dist
    folder is already committed, we now:
    - Disable SCM_DO_BUILD_DURING_DEPLOYMENT
    - Disable ENABLE_ORYX_BUILD
    - Deploy pre-built dist folder from git
    - Azure only installs production dependencies at runtime
    
    This reduces deployment time and prevents container startup timeouts.
    
    Generated with [Claude Code](https://claude.com/claude-code)
    
    Co-Authored-By: Claude &lt;noreply@anthropic.com&gt;</message>
  <progress>Running deployment command...</progress>
  <status>Building</status>
  <statusText>Building and Deploying '1bf0d2b8444d7efea76c8303c57b435299de5464'.</statusText>
  <lastSuccessEndTime />
  <receivedTime>2025-10-24T13:09:30.5672443Z</receivedTime>
  <startTime>2025-10-24T13:09:32.5217205Z</startTime>
  <endTime />
  <complete>False</complete>
  <is_temp>False</is_temp>
  <is_readonly>False</is_readonly>
  <buildSummary />
</deployment>