<step title="BackgroundTrace" date="2025-10-17T14:46:28.635" instance="37c775" url="/deploy" method="POST" >
  <step title="Cleanup Xml Logs" date="2025-10-17T14:46:28.705" /><!-- duration: 90ms -->
  <step title="Creating temporary deployment - FetchDeploymentManager" date="2025-10-17T14:46:30.514" /><!-- duration: 20ms -->
  <step title="Creating temporary deployment" date="2025-10-17T14:46:30.546" /><!-- duration: 191ms -->
  <step title="Performing fetch based deployment" date="2025-10-17T14:46:32.102" >
    <step title="Deployment timer started" date="2025-10-17T14:47:14.507" >
      <step title="DeploymentManager.Deploy(id:cfade3a345c6a94ba7d56a7caa6db19cb4144761)" date="2025-10-17T14:47:14.526" >
        <step title="Collecting changeset information" date="2025-10-17T14:47:14.695" /><!-- duration: 240ms -->
        <step title="Updating submodules" date="2025-10-17T14:47:15.006" /><!-- duration: 1494ms -->
        <step title="Determining deployment builder" date="2025-10-17T14:47:17.154" >
          <step title="Builder is OryxBuilder" date="2025-10-17T14:47:17.286" /><!-- duration: 12ms -->
        </step><!-- duration: 153ms -->
        <step title="PreDeployment: context.CleanOutputPath False" date="2025-10-17T14:47:17.536" >
          <step title="PreDeployment: context.OutputPath /home/site/wwwroot" date="2025-10-17T14:47:18.041" >
            <step title="Building" date="2025-10-17T14:47:18.452" >
              <step title="Executing external process" date="2025-10-17T14:47:19.137" type="process" path="bash" arguments="-c &quot;oryx build /home/site/repository -o /home/site/wwwroot --platform nodejs --platform-version 22 -p virtualenv_name= --log-file /tmp/build-debug.log  -i /tmp/8de0d8c117cd615 -p compress_node_modules=tar-gz | tee /tmp/oryx-build.log ; exit $PIPESTATUS &quot;" >
                <step title="Cpu: oryx(896,6.490s)+tee(897,0.000s)+bash(895,0.000s)=total(6.490s)" date="2025-10-17T14:48:37.629" /><!-- duration: 61ms -->
                <step title="bash: no io activity for 60s, prev-cpu=-1.000s, current-cpu=6.490s" date="2025-10-17T14:48:37.812" /><!-- duration: 71ms -->
