<step title="Incoming Request" date="2025-10-17T14:46:19.816" instance="37c775" url="/deploy?scmType=ExternalGit&amp;isAsync=true" method="POST" type="request" pid="825,1,7" Host="digital-signage-backend-fxeuazanh7cqd7d7.scm.eastus-01.azurewebsites.net" User-Agent="Azure-WebSites-Controller/105.0.7.86" Authorization="Bas..." Expect="100-continue" Content-Length="86" x-ms-request-id="0cec9fe1-f884-4b43-ac8b-de157791e5a5" X-ARR-LOG-ID="0cec9fe1-f884-4b43-ac8b-de157791e5a5" CLIENT-IP="40.71.11.169:18978" X-SITE-DEPLOYMENT-ID="Digital-Signage-Backend" WAS-DEFAULT-HOSTNAME="digital-signage-backend-fxeuazanh7cqd7d7.scm.eastus-01.azurewebsites.net" X-MS-PLATFORM-INTERNAL="True" X-Forwarded-Proto="https" X-AppService-Proto="https" X-Forwarded-TlsVersion="1.3" X-WAWS-Unencoded-URL="/deploy?scmType=ExternalGit&amp;isAsync=true" X-Client-IP="40.71.11.169" X-Client-Port="18978" >
  <step title="Cleanup Xml Logs" date="2025-10-17T14:46:19.838" /><!-- duration: 210ms -->
  <step title="FetchHandler" date="2025-10-17T14:46:20.621" >
    <step title="Executing external process" date="2025-10-17T14:46:21.656" type="process" path="git" arguments="rev-parse --git-dir" /><!-- duration: 2244ms -->
    <step title="Executing external process" date="2025-10-17T14:46:24.009" type="process" path="git" arguments="rev-parse --git-dir" /><!-- duration: 273ms -->
    <step title="Executing external process" date="2025-10-17T14:46:24.320" type="process" path="git" arguments="log -n 1 main --" /><!-- duration: 3693ms -->
    <step title="Start deployment in the background" date="2025-10-17T14:46:28.315" >
      <step title="Executing external process" date="2025-10-17T14:46:28.948" type="process" path="git" arguments="rev-parse --git-dir" /><!-- duration: 410ms -->
      <step title="Executing external process" date="2025-10-17T14:46:29.691" type="process" path="git" arguments="rev-parse --git-dir" /><!-- duration: 130ms -->
      <step title="Executing external process" date="2025-10-17T14:46:29.840" type="process" path="git" arguments="log -n 1 main --" /><!-- duration: 483ms -->
      <step title="Acquiring Deployment Lock" date="2025-10-17T14:46:30.344" /><!-- duration: 18ms -->
      <step title="Acquired Deployment Lock" date="2025-10-17T14:46:30.474" /><!-- duration: 21ms -->
    </step><!-- duration: 2452ms -->
  </step><!-- duration: 10175ms -->
  <step title="Outgoing response" date="2025-10-17T14:46:30.827" type="response" statusCode="202" statusText="Accepted" /><!-- duration: 20ms -->
</step><!-- duration: 11050ms -->
