<step title="BackgroundTrace" date="2025-10-14T17:35:28.751" instance="37c775" url="/deploy" method="POST" >
  <step title="Creating temporary deployment - FetchDeploymentManager" date="2025-10-14T17:35:29.099" /><!-- duration: 6ms -->
  <step title="Creating temporary deployment" date="2025-10-14T17:35:29.109" /><!-- duration: 178ms -->
  <step title="Performing fetch based deployment" date="2025-10-14T17:35:29.751" >
    <step title="Deployment timer started" date="2025-10-14T17:35:32.993" >
      <step title="DeploymentManager.Deploy(id:6d8c32d1b3ccc1d23f6e9cf9297663289dd63b39)" date="2025-10-14T17:35:33.013" >
        <step title="Collecting changeset information" date="2025-10-14T17:35:33.073" /><!-- duration: 152ms -->
        <step title="Updating submodules" date="2025-10-14T17:35:33.314" /><!-- duration: 1189ms -->
        <step title="Determining deployment builder" date="2025-10-14T17:35:35.160" >
          <step title="Builder is OryxBuilder" date="2025-10-14T17:35:35.174" /><!-- duration: 29ms -->
        </step><!-- duration: 49ms -->
        <step title="PreDeployment: context.CleanOutputPath False" date="2025-10-14T17:35:35.282" >
          <step title="PreDeployment: context.OutputPath /home/site/wwwroot" date="2025-10-14T17:35:35.446" >
            <step title="Building" date="2025-10-14T17:35:35.623" >
              <step title="Executing external process" date="2025-10-14T17:35:35.981" type="process" path="bash" arguments="-c &quot;oryx build /home/site/repository -o /home/site/wwwroot --platform nodejs --platform-version 22 -p virtualenv_name= --log-file /tmp/build-debug.log  -i /tmp/8de0b481510db55 -p compress_node_modules=tar-gz | tee /tmp/oryx-build.log ; exit $PIPESTATUS &quot;" >
                <step title="Cpu: node-pre-gyp(2401,0.180s)+sh(2400,0.010s)+npm install(2338,51.420s)+build.sh(2233,0.050s)+oryx(2214,7.000s)+tee(2215,0.000s)+bash(2213,0.000s)=total(58.660s)" date="2025-10-14T17:38:16.734" /><!-- duration: 74ms -->
                <step title="bash: no io activity for 60s, prev-cpu=-1.000s, current-cpu=58.660s" date="2025-10-14T17:38:16.824" /><!-- duration: 184ms -->
                <step title="Cpu: node(2433,23.470s)+sh(2432,0.000s)+npm run build(2421,0.700s)+build.sh(2233,0.060s)+oryx(2214,7.460s)+tee(2215,0.000s)+bash(2213,0.000s)=total(31.510s)" date="2025-10-14T17:39:47.278" /><!-- duration: 61ms -->
                <step title="bash: no io activity for 61s, prev-cpu=-1.000s, current-cpu=31.510s" date="2025-10-14T17:39:47.942" /><!-- duration: 39ms -->
