<step title="Incoming Request" date="2025-10-17T14:06:54.424" instance="37c775" url="/deploy?scmType=ExternalGit&amp;isAsync=true" method="POST" type="request" pid="823,1,86" Host="digital-signage-backend-fxeuazanh7cqd7d7.scm.eastus-01.azurewebsites.net" User-Agent="Azure-WebSites-Controller/105.0.7.86" Authorization="Bas..." Expect="100-continue" Content-Length="86" x-ms-request-id="417b3f3d-17eb-4b64-81b1-3c39c2c55e1e" X-ARR-LOG-ID="417b3f3d-17eb-4b64-81b1-3c39c2c55e1e" CLIENT-IP="40.71.11.169:24833" X-SITE-DEPLOYMENT-ID="Digital-Signage-Backend" WAS-DEFAULT-HOSTNAME="digital-signage-backend-fxeuazanh7cqd7d7.scm.eastus-01.azurewebsites.net" X-MS-PLATFORM-INTERNAL="True" X-Forwarded-Proto="https" X-AppService-Proto="https" X-Forwarded-TlsVersion="1.3" X-WAWS-Unencoded-URL="/deploy?scmType=ExternalGit&amp;isAsync=true" X-Client-IP="40.71.11.169" X-Client-Port="24833" >
  <step title="Cleanup Xml Logs" date="2025-10-17T14:06:54.442" /><!-- duration: 24ms -->
  <step title="FetchHandler" date="2025-10-17T14:06:54.499" >
    <step title="Executing external process" date="2025-10-17T14:06:54.808" type="process" path="git" arguments="rev-parse --git-dir" /><!-- duration: 74ms -->
    <step title="Executing external process" date="2025-10-17T14:06:54.896" type="process" path="git" arguments="rev-parse --git-dir" /><!-- duration: 21ms -->
    <step title="Executing external process" date="2025-10-17T14:06:54.924" type="process" path="git" arguments="log -n 1 main --" /><!-- duration: 126ms -->
    <step title="Start deployment in the background" date="2025-10-17T14:06:55.063" >
      <step title="Executing external process" date="2025-10-17T14:06:55.115" type="process" path="git" arguments="rev-parse --git-dir" /><!-- duration: 41ms -->
      <step title="Executing external process" date="2025-10-17T14:06:55.168" type="process" path="git" arguments="rev-parse --git-dir" /><!-- duration: 36ms -->
      <step title="Executing external process" date="2025-10-17T14:06:55.212" type="process" path="git" arguments="log -n 1 main --" /><!-- duration: 66ms -->
      <step title="Acquiring Deployment Lock" date="2025-10-17T14:06:55.288" /><!-- duration: 13ms -->
      <step title="Acquired Deployment Lock" date="2025-10-17T14:06:55.350" /><!-- duration: 5ms -->
    </step><!-- duration: 432ms -->
  </step><!-- duration: 1002ms -->
  <step title="Outgoing response" date="2025-10-17T14:06:55.508" type="response" statusCode="202" statusText="Accepted" /><!-- duration: 7ms -->
</step><!-- duration: 1103ms -->
