<step title="BackgroundTrace" date="2025-10-17T13:45:04.530" instance="37c775" url="/deploy" method="POST" >
  <step title="Creating temporary deployment - FetchDeploymentManager" date="2025-10-17T13:45:04.890" /><!-- duration: 5ms -->
  <step title="Creating temporary deployment" date="2025-10-17T13:45:04.919" /><!-- duration: 103ms -->
  <step title="Performing fetch based deployment" date="2025-10-17T13:45:05.348" >
    <step title="Deployment timer started" date="2025-10-17T13:45:09.579" >
      <step title="DeploymentManager.Deploy(id:d9665ef38403b8ffef40c53fec8db09308716f7e)" date="2025-10-17T13:45:09.592" >
        <step title="Collecting changeset information" date="2025-10-17T13:45:09.674" /><!-- duration: 164ms -->
        <step title="Updating submodules" date="2025-10-17T13:45:09.846" /><!-- duration: 1161ms -->
        <step title="Determining deployment builder" date="2025-10-17T13:45:11.311" >
          <step title="Builder is OryxBuilder" date="2025-10-17T13:45:11.368" /><!-- duration: 9ms -->
        </step><!-- duration: 88ms -->
        <step title="PreDeployment: context.CleanOutputPath False" date="2025-10-17T13:45:11.502" >
          <step title="PreDeployment: context.OutputPath /home/site/wwwroot" date="2025-10-17T13:45:11.677" >
            <step title="Building" date="2025-10-17T13:45:11.916" >
              <step title="Executing external process" date="2025-10-17T13:45:12.357" type="process" path="bash" arguments="-c &quot;oryx build /home/site/repository -o /home/site/wwwroot --platform nodejs --platform-version 22 -p virtualenv_name= --log-file /tmp/build-debug.log  -i /tmp/8de0d8364ae474b -p compress_node_modules=tar-gz | tee /tmp/oryx-build.log ; exit $PIPESTATUS &quot;" /><!-- duration: 155916ms -->
              <step title="Using GenericDeploymentLogParser" date="2025-10-17T13:47:49.178" /><!-- duration: 7ms -->
              <step title="Triggering recycle (preview mode disabled)." date="2025-10-17T13:47:51.136" /><!-- duration: 31ms -->
              <step title="Modified file to trigger a restart of the app container." date="2025-10-17T13:47:51.239" /><!-- duration: 8ms -->
              <step title="Skip function trigger and logicapp sync because function is not enabled." date="2025-10-17T13:47:51.284" /><!-- duration: 15ms -->
            </step><!-- duration: 160860ms -->
          </step><!-- duration: 161131ms -->
          <step title="Cleaning up temp files" date="2025-10-17T13:47:52.816" /><!-- duration: 3744ms -->
          <step title="Cleaning up temp files" date="2025-10-17T13:47:56.570" /><!-- duration: 526ms -->
          <step title="Reloading status file with latest updates" date="2025-10-17T13:47:57.167" >
            <step title="WebHooksManager.PublishEventAsync: PostDeployment" date="2025-10-17T13:47:57.184" /><!-- duration: 99ms -->
          </step><!-- duration: 122ms -->
          <step title="Cleaning up temporary deployment - fetch deployment was successful" date="2025-10-17T13:47:57.306" /><!-- duration: 5ms -->
        </step><!-- duration: 165869ms -->
      </step><!-- duration: 167863ms -->
