<step title="Incoming Request" date="2025-10-17T15:03:43.459" instance="37c775" url="/deploy?scmType=ExternalGit&amp;isAsync=true" method="POST" type="request" pid="825,1,23" Host="digital-signage-backend-fxeuazanh7cqd7d7.scm.eastus-01.azurewebsites.net" User-Agent="Azure-WebSites-Controller/105.0.7.86" Authorization="Bas..." Expect="100-continue" Content-Length="86" x-ms-request-id="e34cd691-87e2-49cb-b4c1-9e03c8fc73a4" X-ARR-LOG-ID="e34cd691-87e2-49cb-b4c1-9e03c8fc73a4" CLIENT-IP="40.71.11.169:19904" X-SITE-DEPLOYMENT-ID="Digital-Signage-Backend" WAS-DEFAULT-HOSTNAME="digital-signage-backend-fxeuazanh7cqd7d7.scm.eastus-01.azurewebsites.net" X-MS-PLATFORM-INTERNAL="True" X-Forwarded-Proto="https" X-AppService-Proto="https" X-Forwarded-TlsVersion="1.3" X-WAWS-Unencoded-URL="/deploy?scmType=ExternalGit&amp;isAsync=true" X-Client-IP="40.71.11.169" X-Client-Port="19904" >
  <step title="Cleanup Xml Logs" date="2025-10-17T15:03:43.465" /><!-- duration: 15ms -->
  <step title="FetchHandler" date="2025-10-17T15:03:43.514" >
    <step title="Executing external process" date="2025-10-17T15:03:43.566" type="process" path="git" arguments="rev-parse --git-dir" /><!-- duration: 65ms -->
    <step title="Executing external process" date="2025-10-17T15:03:43.638" type="process" path="git" arguments="rev-parse --git-dir" /><!-- duration: 44ms -->
    <step title="Executing external process" date="2025-10-17T15:03:43.690" type="process" path="git" arguments="log -n 1 main --" /><!-- duration: 148ms -->
    <step title="Start deployment in the background" date="2025-10-17T15:03:43.847" >
      <step title="Executing external process" date="2025-10-17T15:03:43.880" type="process" path="git" arguments="rev-parse --git-dir" /><!-- duration: 70ms -->
      <step title="Executing external process" date="2025-10-17T15:03:43.956" type="process" path="git" arguments="rev-parse --git-dir" /><!-- duration: 22ms -->
      <step title="Executing external process" date="2025-10-17T15:03:43.985" type="process" path="git" arguments="log -n 1 main --" /><!-- duration: 73ms -->
      <step title="Acquiring Deployment Lock" date="2025-10-17T15:03:44.064" /><!-- duration: 5ms -->
      <step title="Acquired Deployment Lock" date="2025-10-17T15:03:44.131" /><!-- duration: 7ms -->
    </step><!-- duration: 410ms -->
  </step><!-- duration: 748ms -->
  <step title="Outgoing response" date="2025-10-17T15:03:44.267" type="response" statusCode="202" statusText="Accepted" /><!-- duration: 4ms -->
</step><!-- duration: 817ms -->
