﻿<?xml version="1.0" encoding="utf-8"?>
<deployment>
  <id>e3a6b1d8b8a2d2bec5c6f056a2ed6401454c90c1</id>
  <author>Christopher Atwell</author>
  <deployer>GitHub</deployer>
  <authorEmail>catwell@mys3tech.com</authorEmail>
  <message>Add migration to fix architecture data flow
    
    Introduces a migration to correct the data flow between Content, Playlists, Layouts, and Schedules. PlaylistItems now reference Content instead of Layouts, and Schedules reference Layouts instead of Playlists. Indexes and foreign keys are updated accordingly, with a down migration to revert these changes if needed.</message>
  <progress></progress>
  <status>Success</status>
  <statusText></statusText>
  <lastSuccessEndTime>2025-10-21T19:20:05.9340317Z</lastSuccessEndTime>
  <receivedTime>2025-10-21T19:15:14.8674007Z</receivedTime>
  <startTime>2025-10-21T19:15:16.3368794Z</startTime>
  <endTime>2025-10-21T19:20:05.9340317Z</endTime>
  <complete>True</complete>
  <is_temp>False</is_temp>
  <is_readonly>False</is_readonly>
  <buildSummary />
</deployment>