﻿<?xml version="1.0" encoding="utf-8"?>
<deployment>
  <id>temp-4544a0bb</id>
  <author>N/A</author>
  <deployer>GitHub</deployer>
  <authorEmail>N/A</authorEmail>
  <message>Fetch from https://github.com/S3TechnologiesOH/DS_Backend</message>
  <progress>Fetching changes.</progress>
  <status>Pending</status>
  <statusText>Receiving changes.</statusText>
  <lastSuccessEndTime />
  <receivedTime>2025-10-24T13:08:37.4525825Z</receivedTime>
  <startTime>2025-10-24T13:08:37.4525825Z</startTime>
  <endTime />
  <complete>False</complete>
  <is_temp>True</is_temp>
  <is_readonly>False</is_readonly>
  <buildSummary />
</deployment>