﻿<?xml version="1.0" encoding="utf-8"?>
<deployment>
  <id>3d411b5b7fdb3da7950f3943f22deb757f571006</id>
  <author>Christopher Atwell</author>
  <deployer>GitHub</deployer>
  <authorEmail>catwell@mys3tech.com</authorEmail>
  <message>Trigger Azure redeployment</message>
  <progress></progress>
  <status>Success</status>
  <statusText></statusText>
  <lastSuccessEndTime>2025-10-23T16:35:27.7995758Z</lastSuccessEndTime>
  <receivedTime>2025-10-23T16:30:47.8058469Z</receivedTime>
  <startTime>2025-10-23T16:30:49.3151517Z</startTime>
  <endTime>2025-10-23T16:35:27.7995758Z</endTime>
  <complete>True</complete>
  <is_temp>False</is_temp>
  <is_readonly>False</is_readonly>
  <buildSummary />
</deployment>