<step title="BackgroundTrace" date="2025-10-14T17:41:14.213" instance="37c775" url="/deploy" method="POST" >
  <step title="Creating temporary deployment - FetchDeploymentManager" date="2025-10-14T17:41:15.168" /><!-- duration: 49ms -->
  <step title="Creating temporary deployment" date="2025-10-14T17:41:15.237" /><!-- duration: 230ms -->
  <step title="Performing fetch based deployment" date="2025-10-14T17:41:16.434" >
    <step title="Deployment timer started" date="2025-10-14T17:41:30.719" >
      <step title="DeploymentManager.Deploy(id:3285eac9ff6c837a7206820e3105dbbf72fa42df)" date="2025-10-14T17:41:30.775" >
        <step title="Collecting changeset information" date="2025-10-14T17:41:30.888" /><!-- duration: 312ms -->
        <step title="Updating submodules" date="2025-10-14T17:41:31.219" /><!-- duration: 1377ms -->
        <step title="Determining deployment builder" date="2025-10-14T17:41:33.209" >
          <step title="Builder is OryxBuilder" date="2025-10-14T17:41:33.279" /><!-- duration: 30ms -->
        </step><!-- duration: 119ms -->
        <step title="PreDeployment: context.CleanOutputPath False" date="2025-10-14T17:41:33.468" >
          <step title="PreDeployment: context.OutputPath /home/site/wwwroot" date="2025-10-14T17:41:33.933" >
            <step title="Building" date="2025-10-14T17:41:34.335" >
              <step title="Executing external process" date="2025-10-14T17:41:35.379" type="process" path="bash" arguments="-c &quot;oryx build /home/site/repository -o /home/site/wwwroot --platform nodejs --platform-version 22 -p virtualenv_name= --log-file /tmp/build-debug.log  -i /tmp/8de0b48ea87b69e -p compress_node_modules=tar-gz | tee /tmp/oryx-build.log ; exit $PIPESTATUS &quot;" 