<step title="BackgroundTrace" date="2025-10-15T13:03:09.403" instance="37c775" url="/deploy" method="POST" >
  <step title="Creating temporary deployment - FetchDeploymentManager" date="2025-10-15T13:03:09.824" /><!-- duration: 6ms -->
  <step title="Creating temporary deployment" date="2025-10-15T13:03:09.847" /><!-- duration: 219ms -->
  <step title="Performing fetch based deployment" date="2025-10-15T13:03:10.420" >
    <step title="Deployment timer started" date="2025-10-15T13:03:17.382" >
      <step title="DeploymentManager.Deploy(id:bbdd2ffd1f473ec9907b35e3a20033e83362788a)" date="2025-10-15T13:03:17.393" >
        <step title="Collecting changeset information" date="2025-10-15T13:03:17.459" /><!-- duration: 215ms -->
        <step title="Updating submodules" date="2025-10-15T13:03:17.773" /><!-- duration: 1197ms -->
        <step title="Determining deployment builder" date="2025-10-15T13:03:19.366" >
          <step title="Builder is OryxBuilder" date="2025-10-15T13:03:19.416" /><!-- duration: 6ms -->
        </step><!-- duration: 80ms -->
        <step title="PreDeployment: context.CleanOutputPath False" date="2025-10-15T13:03:19.530" >
          <step title="PreDeployment: context.OutputPath /home/site/wwwroot" date="2025-10-15T13:03:19.697" >
            <step title="Building" date="2025-10-15T13:03:19.915" >
              <step title="Executing external process" date="2025-10-15T13:03:20.387" type="process" path="bash" arguments="-c &quot;oryx build /home/site/repository -o /home/site/wwwroot --platform nodejs --platform-version 22 -p virtualenv_name= --log-file /tmp/build-debug.log  -i /tmp/8de0beb369cea2c -p compress_node_modules=tar-gz | tee /tmp/oryx-build.log ; exit $PIPESTATUS &quot;" /><!-- duration: 148204ms -->
              <step title="Using GenericDeploymentLogParser" date="2025-10-15T13:05:49.307" /><!-- duration: 5ms -->
              <step title="Triggering recycle (preview mode disabled)." date="2025-10-15T13:05:50.802" /><!-- duration: 16ms -->
              <step title="Modified file to trigger a restart of the app container." date="2025-10-15T13:05:50.862" /><!-- duration: 6ms -->
              <step title="Skip function trigger and logicapp sync because function is not enabled." date="2025-10-15T13:05:50.920" /><!-- duration: 9ms -->
              <step title="Purge deployment items" date="2025-10-15T13:05:52.393" >
                <step title="Remove temp-880b, Failed, received at 10/14/2025 19:46:15" date="2025-10-15T13:05:52.516" /><!-- duration: 5ms -->
              </step><!-- duration: 133ms -->
            </step><!-- duration: 152734ms -->
          </step><!-- duration: 152988ms -->
          <step title="Cleaning up temp files" date="2025-10-15T13:05:52.690" /><!-- duration: 11634ms -->
          <step title="Cleaning up temp files" date="2025-10-15T13:06:04.367" /><!-- duration: 582ms -->
          <step title="Reloading status file with latest updates" date="2025-10-15T13:06:05.161" >
            <step title="WebHooksManager.PublishEventAsync: PostDeployment" date="2025-10-15T13:06:05.190" /><!-- duration: 792ms -->
          </step><!-- duration: 832ms -->
          <step title="Cleaning up temporary deployment - fetch deployment was successful" date="2025-10-15T13:06:06.009" /><!-- duration: 17ms -->
        </step><!-- duration: 166668ms -->
        <step title="Performing fetch based deployment" date="2025-10-15T13:06:06.228" >
          <step title="Deployment timer started" date="2025-10-15T13:06:30.756" >
            <step title="DeploymentManager.Deploy(id:7d3b2179f729a5efe578f63fba38b3a5484936aa)" date="2025-10-15T13:06:30.808" >
              <step title="Collecting changeset information" date="2025-10-15T13:06:30.899" /><!-- duration: 331ms -->
              <step title="Updating submodules" date="2025-10-15T13:06:31.279" /><!-- duration: 1438ms -->
              <step title="Determining deployment builder" date="2025-10-15T13:06:33.444" >
                <step title="Builder is OryxBuilder" date="2025-10-15T13:06:33.654" /><!-- duration: 39ms -->
              </step><!-- duration: 299ms -->
              <step title="PreDeployment: context.CleanOutputPath False" date="2025-10-15T13:06:33.956" >
                <step title="PreDeployment: context.OutputPath /home/site/wwwroot" date="2025-10-15T13:06:34.661" >
                  <step title="Building" date="2025-10-15T13:06:35.120" >
                    <step title="Executing external process" date="2025-10-15T13:06:36.529" type="process" path="bash" arguments="-c &quot;oryx build /home/site/repository -o /home/site/wwwroot --platform nodejs --platform-version 22 -p virtualenv_name= --log-file /tmp/build-debug.log  -i /tmp/8de0bebaa7468ce -p compress_node_modules=tar-gz | tee /tmp/oryx-build.log ; exit $PIPESTATUS &quot;" >
                      <step title="Cpu: npm install(13842,36.730s)+build.sh(13736,0.030s)+oryx(13703,8.350s)+tee(13704,0.010s)+bash(13702,0.000s)=total(44.950s)" date="2025-10-15T13:09:40.782" /><!-- duration: 121ms -->
                      <step title="bash: no io activity for 61s, prev-cpu=-1.000s, current-cpu=44.950s" date="2025-10-15T13:09:41.368" /><!-- duration: 29ms -->
                      <step title="Error occurred" date="2025-10-15T13:11:29.325" type="error" text="GetParentProcessLinux (13952) failed.: Could not find a part of the path &apos;/proc/13952/stat&apos;." stackTrace="   at Interop.ThrowExceptionForIoErrno(ErrorInfo errorInfo, String path, Boolean isDirError)
   at Microsoft.Win32.SafeHandles.SafeFileHandle.Open(String fullPath, FileMode mode, FileAccess access, FileShare share, FileOptions options, Int64 preallocationSize, UnixFileMode openPermissions, Int64&amp; fileLength, UnixFileMode&amp; filePermissions, Boolean failForSymlink, Boolean&amp; wasSymlink, Func`4 createOpenException)
   at System.IO.Strategies.OSFileStreamStrategy..ctor(String path, FileMode mode, FileAccess access, FileShare share, FileOptions options, Int64 preallocationSize, Nullable`1 unixCreateMode)
   at System.IO.StreamReader.ValidateArgsAndOpenPath(String path, Encoding encoding, Int32 bufferSize)
   at System.IO.File.ReadLines(String path)
   at Kudu.Core.Infrastructure.ProcessExtensions.GetParentProcessLinux(Process process, ITracer tracer) in /tmp/KuduLite/Kudu.Core/Infrastructure/ProcessExtensions.cs:line 155" /><!-- duration: 59ms -->
                      <step title="Error occurred" date="2025-10-15T13:11:29.474" type="error" text="GetParentProcessLinux (13953) failed.: Could not find a part of the path &apos;/proc/13953/stat&apos;." stackTrace="   at Interop.ThrowExceptionForIoErrno(ErrorInfo errorInfo, String path, Boolean isDirError)
   at Microsoft.Win32.SafeHandles.SafeFileHandle.Open(String fullPath, FileMode mode, FileAccess access, FileShare share, FileOptions options, Int64 preallocationSize, UnixFileMode openPermissions, Int64&amp; fileLength, UnixFileMode&amp; filePermissions, Boolean failForSymlink, Boolean&amp; wasSymlink, Func`4 createOpenException)
   at System.IO.Strategies.OSFileStreamStrategy..ctor(String path, FileMode mode, FileAccess access, FileShare share, FileOptions options, Int64 preallocationSize, Nullable`1 unixCreateMode)
   at System.IO.StreamReader.ValidateArgsAndOpenPath(String path, Encoding encoding, Int32 bufferSize)
   at System.IO.File.ReadLines(String path)
   at Kudu.Core.Infrastructure.ProcessExtensions.GetParentProcessLinux(Process process, ITracer tracer) in /tmp/KuduLite/Kudu.Core/Infrastructure/ProcessExtensions.cs:line 155" /><!-- duration: 51ms -->
                      <step title="Cpu: build.sh(13736,0.070s)+oryx(13703,8.760s)+tee(13704,0.010s)+bash(13702,0.000s)=total(8.840s)" date="2025-10-15T13:11:29.789" /><!-- duration: 30ms -->
                      <step title="bash: no io activity for 60s, prev-cpu=-1.000s, current-cpu=8.840s" date="2025-10-15T13:11:29.867" /><!-- duration: 143ms -->
                    </step><!-- duration: 301277ms -->
                    <step title="Using GenericDeploymentLogParser" date="2025-10-15T13:11:38.360" /><!-- duration: 5ms -->
                    <step title="Triggering recycle (preview mode disabled)." date="2025-10-15T13:11:40.185" /><!-- duration: 15ms -->
                    <step title="Modified file to trigger a restart of the app container." date="2025-10-15T13:11:40.249" /><!-- duration: 20ms -->
                    <step title="Skip function trigger and logicapp sync because function is not enabled." date="2025-10-15T13:11:40.280" /><!-- duration: 19ms -->
                  </step><!-- duration: 306703ms -->
                </step><!-- duration: 307303ms -->
                <step title="Cleaning up temp files" date="2025-10-15T13:11:41.977" /><!-- duration: 3712ms -->
                <step title="Cleaning up temp files" date="2025-10-15T13:11:45.727" /><!-- duration: 510ms -->
                <step title="Reloading status file with latest updates" date="2025-10-15T13:11:46.340" >
                  <step title="WebHooksManager.PublishEventAsync: PostDeployment" date="2025-10-15T13:11:46.389" /><!-- duration: 172ms -->
                </step><!-- duration: 241ms -->
                <step title="Cleaning up temporary deployment - fetch deployment was successful" date="2025-10-15T13:11:46.641" /><!-- duration: 30ms -->
              </step><!-- duration: 312857ms -->
            </step><!-- duration: 316038ms -->
