<step title="Incoming Request" date="2025-10-17T14:37:35.301" instance="37c775" url="/deploy?scmType=ExternalGit&amp;isAsync=true" method="POST" type="request" pid="823,1,20" Host="digital-signage-backend-fxeuazanh7cqd7d7.scm.eastus-01.azurewebsites.net" User-Agent="Azure-WebSites-Controller/105.0.7.86" Authorization="Bas..." Expect="100-continue" Content-Length="86" x-ms-request-id="64184b4c-529d-424d-99d1-4b3f9717a20d" X-ARR-LOG-ID="64184b4c-529d-424d-99d1-4b3f9717a20d" CLIENT-IP="40.71.11.169:24834" X-SITE-DEPLOYMENT-ID="Digital-Signage-Backend" WAS-DEFAULT-HOSTNAME="digital-signage-backend-fxeuazanh7cqd7d7.scm.eastus-01.azurewebsites.net" X-MS-PLATFORM-INTERNAL="True" X-Forwarded-Proto="https" X-AppService-Proto="https" X-Forwarded-TlsVersion="1.3" X-WAWS-Unencoded-URL="/deploy?scmType=ExternalGit&amp;isAsync=true" X-Client-IP="40.71.11.169" X-Client-Port="24834" >
  <step title="Cleanup Xml Logs" date="2025-10-17T14:37:35.423" /><!-- duration: 292ms -->
  <step title="FetchHandler" date="2025-10-17T14:37:35.926" >
    <step title="Executing external process" date="2025-10-17T14:37:36.360" type="process" path="git" arguments="rev-parse --git-dir" /><!-- duration: 161ms -->
    <step title="Executing external process" date="2025-10-17T14:37:36.531" type="process" path="git" arguments="rev-parse --git-dir" /><!-- duration: 93ms -->
    <step title="Executing external process" date="2025-10-17T14:37:36.691" type="process" path="git" arguments="log -n 1 main --" /><!-- duration: 475ms -->
    <step title="Start deployment in the background" date="2025-10-17T14:37:37.216" >
      <step title="Executing external process" date="2025-10-17T14:37:37.278" type="process" path="git" arguments="rev-parse --git-dir" /><!-- duration: 42ms -->
      <step title="Executing external process" date="2025-10-17T14:37:37.333" type="process" path="git" arguments="rev-parse --git-dir" /><!-- duration: 85ms -->
      <step title="Executing external process" date="2025-10-17T14:37:37.468" type="process" path="git" arguments="log -n 1 main --" /><!-- duration: 4391ms -->
      <step title="Acquiring Deployment Lock" date="2025-10-17T14:37:41.905" /><!-- duration: 11ms -->
      <step title="Cannot Acquire Deployment Lock already held" date="2025-10-17T14:37:41.986" /><!-- duration: 18ms -->
    </step><!-- duration: 5650ms -->
  </step><!-- duration: 6988ms -->
  <step title="Outgoing response" date="2025-10-17T14:37:42.922" type="response" statusCode="202" statusText="Accepted" /><!-- duration: 6ms -->
</step><!-- duration: 7634ms -->
