<step title="BackgroundTrace" date="2025-10-14T16:45:44.985" instance="37c775" url="/deploy" method="POST" >
  <step title="Creating temporary deployment - FetchDeploymentManager" date="2025-10-14T16:45:45.235" /><!-- duration: 12ms -->
  <step title="Creating temporary deployment" date="2025-10-14T16:45:45.251" /><!-- duration: 83ms -->
  <step title="Performing fetch based deployment" date="2025-10-14T16:45:45.936" >
    <step title="Deployment timer started" date="2025-10-14T16:45:49.380" >
      <step title="DeploymentManager.Deploy(id:07d2f345dd5f1fd3d9438425f23e12dc339b5d93)" date="2025-10-14T16:45:49.393" >
        <step title="Collecting changeset information" date="2025-10-14T16:45:49.449" /><!-- duration: 141ms -->
        <step title="Updating submodules" date="2025-10-14T16:45:49.599" /><!-- duration: 1192ms -->
        <step title="Determining deployment builder" date="2025-10-14T16:45:51.120" >
          <step title="Builder is OryxBuilder" date="2025-10-14T16:45:51.127" /><!-- duration: 13ms -->
        </step><!-- duration: 31ms -->
        <step title="PreDeployment: context.CleanOutputPath False" date="2025-10-14T16:45:51.227" >
          <step title="PreDeployment: context.OutputPath /home/site/wwwroot" date="2025-10-14T16:45:51.384" >
            <step title="Building" date="2025-10-14T16:45:51.592" >
              <step title="Executing external process" date="2025-10-14T16:45:51.988" type="process" path="bash" arguments="-c &quot;oryx build /home/site/repository -o /home/site/wwwroot --platform nodejs --platform-version 22 -p virtualenv_name= --log-file /tmp/build-debug.log  -i /tmp/8de0b41226f9697 -p compress_node_modules=tar-gz | tee /tmp/oryx-build.log ; exit $PIPESTATUS &quot;" /><!-- duration: 37612ms -->
              <step title="Using GenericDeploymentLogParser" date="2025-10-14T16:46:30.100" /><!-- duration: 20ms -->
              <step title="Triggering recycle (preview mode disabled)." date="2025-10-14T16:46:31.640" /><!-- duration: 20ms -->
              <step title="Modified file to trigger a restart of the app container." date="2025-10-14T16:46:31.732" /><!-- duration: 8ms -->
              <step title="Skip function trigger and logicapp sync because function is not enabled." date="2025-10-14T16:46:31.750" /><!-- duration: 20ms -->
            </step><!-- duration: 41050ms -->
          </step><!-- duration: 41262ms -->
          <step title="Cleaning up temp files" date="2025-10-14T16:46:32.674" /><!-- duration: 20ms -->
          <step title="Cleaning up temp files" date="2025-10-14T16:46:32.735" /><!-- duration: 521ms -->
          <step title="Reloading status file with latest updates" date="2025-10-14T16:46:33.327" >
            <step title="WebHooksManager.PublishEventAsync: PostDeployment" date="2025-10-14T16:46:33.334" /><!-- duration: 99ms -->
          </step><!-- duration: 114ms -->
          <step title="Cleaning up temporary deployment - fetch deployment was successful" date="2025-10-14T16:46:33.449" /><!-- duration: 5ms -->
        </step><!-- duration: 42340ms -->
      </step><!-- duration: 44224ms -->
