<step title="Incoming Request" date="2025-10-15T13:03:08.365" instance="37c775" url="/deploy?scmType=ExternalGit&amp;isAsync=true" method="POST" type="request" pid="823,1,60" Host="digital-signage-backend-fxeuazanh7cqd7d7.scm.eastus-01.azurewebsites.net" User-Agent="Azure-WebSites-Controller/105.0.7.86" Authorization="Bas..." Expect="100-continue" Content-Length="86" x-ms-request-id="73ad0f67-a275-404b-9622-cd8cb33d7b58" X-ARR-LOG-ID="73ad0f67-a275-404b-9622-cd8cb33d7b58" CLIENT-IP="40.71.11.169:24832" X-SITE-DEPLOYMENT-ID="Digital-Signage-Backend" WAS-DEFAULT-HOSTNAME="digital-signage-backend-fxeuazanh7cqd7d7.scm.eastus-01.azurewebsites.net" X-MS-PLATFORM-INTERNAL="True" X-Forwarded-Proto="https" X-AppService-Proto="https" X-Forwarded-TlsVersion="1.3" X-WAWS-Unencoded-URL="/deploy?scmType=ExternalGit&amp;isAsync=true" X-Client-IP="40.71.11.169" X-Client-Port="24832" >
  <step title="Cleanup Xml Logs" date="2025-10-15T13:03:08.385" /><!-- duration: 28ms -->
  <step title="FetchHandler" date="2025-10-15T13:03:08.514" >
    <step title="Executing external process" date="2025-10-15T13:03:08.878" type="process" path="git" arguments="rev-parse --git-dir" /><!-- duration: 238ms -->
    <step title="Executing external process" date="2025-10-15T13:03:09.140" type="process" path="git" arguments="rev-parse --git-dir" /><!-- duration: 27ms -->
    <step title="Executing external process" date="2025-10-15T13:03:09.176" type="process" path="git" arguments="log -n 1 main --" /><!-- duration: 105ms -->
    <step title="Start deployment in the background" date="2025-10-15T13:03:09.301" >
      <step title="Executing external process" date="2025-10-15T13:03:09.471" type="process" path="git" arguments="rev-parse --git-dir" /><!-- duration: 40ms -->
      <step title="Executing external process" date="2025-10-15T13:03:09.524" type="process" path="git" arguments="rev-parse --git-dir" /><!-- duration: 22ms -->
      <step title="Executing external process" date="2025-10-15T13:03:09.554" type="process" path="git" arguments="log -n 1 main --" /><!-- duration: 118ms -->
      <step title="Acquiring Deployment Lock" date="2025-10-15T13:03:09.688" /><!-- duration: 7ms -->
      <step title="Acquired Deployment Lock" date="2025-10-15T13:03:09.812" /><!-- duration: 6ms -->
    </step><!-- duration: 772ms -->
  </step><!-- duration: 1568ms -->
  <step title="Outgoing response" date="2025-10-15T13:03:10.091" type="response" statusCode="202" statusText="Accepted" /><!-- duration: 48ms -->
</step><!-- duration: 1779ms -->
