<step title="Incoming Request" date="2025-10-14T17:35:28.257" instance="37c775" url="/deploy?scmType=ExternalGit&amp;isAsync=true" method="POST" type="request" pid="823,1,39" Host="digital-signage-backend-fxeuazanh7cqd7d7.scm.eastus-01.azurewebsites.net" User-Agent="Azure-WebSites-Controller/105.0.7.86" Authorization="Bas..." Expect="100-continue" Content-Length="86" x-ms-request-id="98bfc152-e5ab-443f-b7d9-0fc7760848a6" X-ARR-LOG-ID="98bfc152-e5ab-443f-b7d9-0fc7760848a6" CLIENT-IP="40.71.11.169:18978" X-SITE-DEPLOYMENT-ID="Digital-Signage-Backend" WAS-DEFAULT-HOSTNAME="digital-signage-backend-fxeuazanh7cqd7d7.scm.eastus-01.azurewebsites.net" X-MS-PLATFORM-INTERNAL="True" X-Forwarded-Proto="https" X-AppService-Proto="https" X-Forwarded-TlsVersion="1.3" X-WAWS-Unencoded-URL="/deploy?scmType=ExternalGit&amp;isAsync=true" X-Client-IP="40.71.11.169" X-Client-Port="18978" >
  <step title="Cleanup Xml Logs" date="2025-10-14T17:35:28.267" /><!-- duration: 9ms -->
  <step title="FetchHandler" date="2025-10-14T17:35:28.299" >
    <step title="Executing external process" date="2025-10-14T17:35:28.416" type="process" path="git" arguments="rev-parse --git-dir" /><!-- duration: 119ms -->
    <step title="Executing external process" date="2025-10-14T17:35:28.543" type="process" path="git" arguments="rev-parse --git-dir" /><!-- duration: 25ms -->
    <step title="Executing external process" date="2025-10-14T17:35:28.575" type="process" path="git" arguments="log -n 1 main --" /><!-- duration: 120ms -->
    <step title="Start deployment in the background" date="2025-10-14T17:35:28.712" >
      <step title="Executing external process" date="2025-10-14T17:35:28.812" type="process" path="git" arguments="rev-parse --git-dir" /><!-- duration: 80ms -->
      <step title="Executing external process" date="2025-10-14T17:35:28.901" type="process" path="git" arguments="rev-parse --git-dir" /><!-- duration: 31ms -->
      <step title="Executing external process" date="2025-10-14T17:35:28.938" type="process" path="git" arguments="log -n 1 main --" /><!-- duration: 64ms -->
      <step title="Acquiring Deployment Lock" date="2025-10-14T17:35:29.007" /><!-- duration: 5ms -->
      <step title="Acquired Deployment Lock" date="2025-10-14T17:35:29.085" /><!-- duration: 6ms -->
    </step><!-- duration: 618ms -->
  </step><!-- duration: 1050ms -->
  <step title="Outgoing response" date="2025-10-14T17:35:29.360" type="response" statusCode="202" statusText="Accepted" /><!-- duration: 11ms -->
</step><!-- duration: 1131ms -->
