<step title="Incoming Request" date="2025-10-17T14:52:34.409" instance="37c775" url="/deploy?scmType=ExternalGit&amp;isAsync=true" method="POST" type="request" pid="827,1,3" Host="digital-signage-backend-fxeuazanh7cqd7d7.scm.eastus-01.azurewebsites.net" User-Agent="Azure-WebSites-Controller/105.0.7.86" Authorization="Bas..." Expect="100-continue" Content-Length="86" x-ms-request-id="178e5dba-73d7-47ac-a77c-6789415284ec" X-ARR-LOG-ID="178e5dba-73d7-47ac-a77c-6789415284ec" CLIENT-IP="40.71.11.169:18976" X-SITE-DEPLOYMENT-ID="Digital-Signage-Backend" WAS-DEFAULT-HOSTNAME="digital-signage-backend-fxeuazanh7cqd7d7.scm.eastus-01.azurewebsites.net" X-MS-PLATFORM-INTERNAL="True" X-Forwarded-Proto="https" X-AppService-Proto="https" X-Forwarded-TlsVersion="1.3" X-WAWS-Unencoded-URL="/deploy?scmType=ExternalGit&amp;isAsync=true" X-Client-IP="40.71.11.169" X-Client-Port="18976" >
  <step title="Cleanup Xml Logs" date="2025-10-17T14:52:34.413" /><!-- duration: 11ms -->
  <step title="FetchHandler" date="2025-10-17T14:52:34.442" >
    <step title="Executing external process" date="2025-10-17T14:52:34.718" type="process" path="git" arguments="rev-parse --git-dir" /><!-- duration: 76ms -->
    <step title="Executing external process" date="2025-10-17T14:52:34.803" type="process" path="git" arguments="rev-parse --git-dir" /><!-- duration: 28ms -->
    <step title="Executing external process" date="2025-10-17T14:52:34.838" type="process" path="git" arguments="log -n 1 main --" /><!-- duration: 94ms -->
    <step title="Start deployment in the background" date="2025-10-17T14:52:34.942" >
      <step title="Executing external process" date="2025-10-17T14:52:34.999" type="process" path="git" arguments="rev-parse --git-dir" /><!-- duration: 31ms -->
      <step title="Executing external process" date="2025-10-17T14:52:35.035" type="process" path="git" arguments="rev-parse --git-dir" /><!-- duration: 24ms -->
      <step title="Executing external process" date="2025-10-17T14:52:35.071" type="process" path="git" arguments="log -n 1 main --" /><!-- duration: 64ms -->
      <step title="Acquiring Deployment Lock" date="2025-10-17T14:52:35.140" /><!-- duration: 4ms -->
      <step title="Acquired Deployment Lock" date="2025-10-17T14:52:35.186" /><!-- duration: 6ms -->
    </step><!-- duration: 381ms -->
  </step><!-- duration: 887ms -->
  <step title="Outgoing response" date="2025-10-17T14:52:35.334" type="response" statusCode="202" statusText="Accepted" /><!-- duration: 5ms -->
</step><!-- duration: 934ms -->
