﻿<?xml version="1.0" encoding="utf-8"?>
<deployment>
  <id>07d2f345dd5f1fd3d9438425f23e12dc339b5d93</id>
  <author>Christopher Atwell</author>
  <deployer>GitHub</deployer>
  <authorEmail>catwell@mys3tech.com</authorEmail>
  <message>Initial commit</message>
  <progress></progress>
  <status>Success</status>
  <statusText></statusText>
  <lastSuccessEndTime>2025-10-14T16:46:32.2102409Z</lastSuccessEndTime>
  <receivedTime>2025-10-14T16:45:49.5094899Z</receivedTime>
  <startTime>2025-10-14T16:45:51.0001326Z</startTime>
  <endTime>2025-10-14T16:46:32.2102409Z</endTime>
  <complete>True</complete>
  <is_temp>False</is_temp>
  <is_readonly>False</is_readonly>
  <buildSummary />
</deployment>