<step title="BackgroundTrace" date="2025-10-14T18:21:23.789" instance="37c775" url="/deploy" method="POST" >
  <step title="Cleanup Xml Logs" date="2025-10-14T18:21:23.800" /><!-- duration: 7ms -->
  <step title="Creating temporary deployment - FetchDeploymentManager" date="2025-10-14T18:21:23.986" /><!-- duration: 4ms -->
  <step title="Creating temporary deployment" date="2025-10-14T18:21:23.994" /><!-- duration: 101ms -->
  <step title="Performing fetch based deployment" date="2025-10-14T18:21:24.328" >
    <step title="Deployment timer started" date="2025-10-14T18:21:27.244" >
      <step title="DeploymentManager.Deploy(id:18f4ed3848dac6bd419ace653e2007a59af3f139)" date="2025-10-14T18:21:27.251" >
        <step title="Collecting changeset information" date="2025-10-14T18:21:27.316" /><!-- duration: 147ms -->
        <step title="Updating submodules" date="2025-10-14T18:21:27.469" /><!-- duration: 1217ms -->
        <step title="Determining deployment builder" date="2025-10-14T18:21:29.037" >
          <step title="Builder is BasicBuilder" date="2025-10-14T18:21:29.044" /><!-- duration: 15ms -->
        </step><!-- duration: 35ms -->
        <step title="PreDeployment: context.CleanOutputPath False" date="2025-10-14T18:21:29.158" >
          <step title="PreDeployment: context.OutputPath /home/site/wwwroot" date="2025-10-14T18:21:29.295" >
            <step title="Building" date="2025-10-14T18:21:29.690" >
              <step title="Executing external process" date="2025-10-14T18:21:30.019" type="process" path="starter.sh" arguments="/opt/Kudu/Scripts/parallel_rsync.sh /home/site/repository /home/site/wwwroot 8 /tmp/ False True  " /><!-- duration: 9049ms -->
              <step title="Triggering recycle (preview mode disabled)." date="2025-10-14T18:21:39.421" /><!-- duration: 26ms -->
              <step title="Modified file to trigger a restart of the app container." date="2025-10-14T18:21:39.492" /><!-- duration: 5ms -->
              <step title="Skip function trigger and logicapp sync because function is not enabled." date="2025-10-14T18:21:39.502" /><!-- duration: 19ms -->
            </step><!-- duration: 10795ms -->
          </step><!-- duration: 11198ms -->
          <step title="Cleaning up temp files" date="2025-10-14T18:21:40.498" /><!-- duration: 37ms -->
          <step title="Cleaning up temp files" date="2025-10-14T18:21:40.561" /><!-- duration: 511ms -->
          <step title="Reloading status file with latest updates" date="2025-10-14T18:21:41.108" >
            <step title="WebHooksManager.PublishEventAsync: PostDeployment" date="2025-10-14T18:21:41.115" /><!-- duration: 100ms -->
          </step><!-- duration: 111ms -->
          <step title="Cleaning up temporary deployment - fetch deployment was successful" date="2025-10-14T18:21:41.225" /><!-- duration: 4ms -->
        </step><!-- duration: 12227ms -->
      </step><!-- duration: 14149ms -->
