<step title="Incoming Request" date="2025-10-14T18:28:40.921" instance="37c775" url="/deploy?scmType=ExternalGit&amp;isAsync=true" method="POST" type="request" pid="821,1,25" Host="digital-signage-backend-fxeuazanh7cqd7d7.scm.eastus-01.azurewebsites.net" User-Agent="Azure-WebSites-Controller/105.0.7.86" Authorization="Bas..." Expect="100-continue" Content-Length="86" x-ms-request-id="a380a477-de40-4663-b514-73166e9911fc" X-ARR-LOG-ID="a380a477-de40-4663-b514-73166e9911fc" CLIENT-IP="40.71.11.169:18979" X-SITE-DEPLOYMENT-ID="Digital-Signage-Backend" WAS-DEFAULT-HOSTNAME="digital-signage-backend-fxeuazanh7cqd7d7.scm.eastus-01.azurewebsites.net" X-MS-PLATFORM-INTERNAL="True" X-Forwarded-Proto="https" X-AppService-Proto="https" X-Forwarded-TlsVersion="1.3" X-WAWS-Unencoded-URL="/deploy?scmType=ExternalGit&amp;isAsync=true" X-Client-IP="40.71.11.169" X-Client-Port="18979" >
  <step title="Cleanup Xml Logs" date="2025-10-14T18:28:40.932" /><!-- duration: 19ms -->
  <step title="FetchHandler" date="2025-10-14T18:28:40.970" >
    <step title="Executing external process" date="2025-10-14T18:28:40.999" type="process" path="git" arguments="rev-parse --git-dir" /><!-- duration: 32ms -->
    <step title="Executing external process" date="2025-10-14T18:28:41.035" type="process" path="git" arguments="rev-parse --git-dir" /><!-- duration: 9ms -->
    <step title="Executing external process" date="2025-10-14T18:28:41.052" type="process" path="git" arguments="log -n 1 main --" /><!-- duration: 61ms -->
    <step title="Start deployment in the background" date="2025-10-14T18:28:41.120" >
      <step title="Executing external process" date="2025-10-14T18:28:41.146" type="process" path="git" arguments="rev-parse --git-dir" /><!-- duration: 13ms -->
      <step title="Executing external process" date="2025-10-14T18:28:41.167" type="process" path="git" arguments="rev-parse --git-dir" /><!-- duration: 16ms -->
      <step title="Executing external process" date="2025-10-14T18:28:41.189" type="process" path="git" arguments="log -n 1 main --" /><!-- duration: 26ms -->
      <step title="Acquiring Deployment Lock" date="2025-10-14T18:28:41.221" /><!-- duration: 5ms -->
      <step title="Acquired Deployment Lock" date="2025-10-14T18:28:41.258" /><!-- duration: 4ms -->
    </step><!-- duration: 269ms -->
  </step><!-- duration: 423ms -->
  <step title="Outgoing response" date="2025-10-14T18:28:41.398" type="response" statusCode="202" statusText="Accepted" /><!-- duration: 8ms -->
</step><!-- duration: 488ms -->
