<step title="Incoming Request" date="2025-10-14T19:35:44.791" instance="37c775" url="/deploy?scmType=ExternalGit&amp;isAsync=true" method="POST" type="request" pid="829,1,18" Host="digital-signage-backend-fxeuazanh7cqd7d7.scm.eastus-01.azurewebsites.net" User-Agent="Azure-WebSites-Controller/105.0.7.86" Authorization="Bas..." Expect="100-continue" Content-Length="86" x-ms-request-id="36bd4f69-e5f5-4103-978f-417ae9cb0e88" X-ARR-LOG-ID="36bd4f69-e5f5-4103-978f-417ae9cb0e88" CLIENT-IP="40.71.11.169:19906" X-SITE-DEPLOYMENT-ID="Digital-Signage-Backend" WAS-DEFAULT-HOSTNAME="digital-signage-backend-fxeuazanh7cqd7d7.scm.eastus-01.azurewebsites.net" X-MS-PLATFORM-INTERNAL="True" X-Forwarded-Proto="https" X-AppService-Proto="https" X-Forwarded-TlsVersion="1.3" X-WAWS-Unencoded-URL="/deploy?scmType=ExternalGit&amp;isAsync=true" X-Client-IP="40.71.11.169" X-Client-Port="19906" >
  <step title="Cleanup Xml Logs" date="2025-10-14T19:35:44.831" /><!-- duration: 70ms -->
  <step title="FetchHandler" date="2025-10-14T19:35:45.004" >
    <step title="Executing external process" date="2025-10-14T19:35:45.441" type="process" path="git" arguments="rev-parse --git-dir" /><!-- duration: 289ms -->
    <step title="Executing external process" date="2025-10-14T19:35:45.829" type="process" path="git" arguments="rev-parse --git-dir" /><!-- duration: 140ms -->
    <step title="Executing external process" date="2025-10-14T19:35:46.009" type="process" path="git" arguments="log -n 1 main --" /><!-- duration: 492ms -->
    <step title="Start deployment in the background" date="2025-10-14T19:35:46.552" >
      <step title="Executing external process" date="2025-10-14T19:35:46.817" type="process" path="git" arguments="rev-parse --git-dir" /><!-- duration: 99ms -->
      <step title="Executing external process" date="2025-10-14T19:35:46.956" type="process" path="git" arguments="rev-parse --git-dir" /><!-- duration: 210ms -->
      <step title="Executing external process" date="2025-10-14T19:35:47.195" type="process" path="git" arguments="log -n 1 main --" /><!-- duration: 586ms -->
      <step title="Acquiring Deployment Lock" date="2025-10-14T19:35:47.862" /><!-- duration: 38ms -->
      <step title="Acquired Deployment Lock" date="2025-10-14T19:35:48.141" /><!-- duration: 22ms -->
    </step><!-- duration: 2012ms -->
  </step><!-- duration: 3610ms -->
  <step title="Outgoing response" date="2025-10-14T19:35:48.635" type="response" statusCode="202" statusText="Accepted" /><!-- duration: 18ms -->
</step><!-- duration: 3874ms -->
