<step title="BackgroundTrace" date="2025-10-17T14:43:48.579" instance="37c775" url="/deploy" method="POST" >
  <step title="Creating temporary deployment - FetchDeploymentManager" date="2025-10-17T14:43:49.274" /><!-- duration: 19ms -->
  <step title="Creating temporary deployment" date="2025-10-17T14:43:49.324" /><!-- duration: 179ms -->
  <step title="Performing fetch based deployment" date="2025-10-17T14:43:50.331" >
    <step title="Deployment timer started" date="2025-10-17T14:44:40.366" >
      <step title="DeploymentManager.Deploy(id:86e3d9a77e79f4896d7953a6d6c84b6ba5a666cb)" date="2025-10-17T14:44:40.427" >
        <step title="Collecting changeset information" date="2025-10-17T14:44:40.549" /><!-- duration: 350ms -->
        <step title="Updating submodules" date="2025-10-17T14:44:41.081" /><!-- duration: 1298ms -->
        <step title="Determining deployment builder" date="2025-10-17T14:44:42.783" >
          <step title="Builder is OryxBuilder" date="2025-10-17T14:44:42.881" /><!-- duration: 6ms -->
        </step><!-- duration: 112ms -->
        <step title="PreDeployment: context.CleanOutputPath False" date="2025-10-17T14:44:43.054" >
          <step title="PreDeployment: context.OutputPath /home/site/wwwroot" date="2025-10-17T14:44:43.248" >
            <step title="Building" date="2025-10-17T14:44:43.479" >
              <step title="Executing external process" date="2025-10-17T14:44:44.133" type="process" path="bash" arguments="-c &quot;oryx build /home/site/repository -o /home/site/wwwroot --platform nodejs --platform-version 22 -p virtualenv_name= --log-file /tmp/build-debug.log  -i /tmp/8de0d8bb5746c37 -p compress_node_modules=tar-gz | tee /tmp/oryx-build.log ; exit $PIPESTATUS &quot;" >
                <step title="Cpu: oryx(894,6.310s)+tee(895,0.000s)+bash(893,0.010s)=total(6.320s)" date="2025-10-17T14:45:59.822" /><!-- duration: 60ms -->
                <step title="bash: no io activity for 60s, prev-cpu=-1.000s, current-cpu=6.320s" date="2025-10-17T14:45:59.931" /><!-- duration: 121ms -->
