<step title="BackgroundTrace" date="2025-10-14T18:28:41.126" instance="37c775" url="/deploy" method="POST" >
  <step title="Creating temporary deployment - FetchDeploymentManager" date="2025-10-14T18:28:41.266" /><!-- duration: 3ms -->
  <step title="Creating temporary deployment" date="2025-10-14T18:28:41.275" /><!-- duration: 109ms -->
  <step title="Performing fetch based deployment" date="2025-10-14T18:28:41.473" >
    <step title="Deployment timer started" date="2025-10-14T18:28:44.740" >
      <step title="DeploymentManager.Deploy(id:357518ab191780f3c383fc0dd6ffe964cba13516)" date="2025-10-14T18:28:44.750" >
        <step title="Collecting changeset information" date="2025-10-14T18:28:44.839" /><!-- duration: 235ms -->
        <step title="Updating submodules" date="2025-10-14T18:28:45.082" /><!-- duration: 1179ms -->
        <step title="Determining deployment builder" date="2025-10-14T18:28:46.509" >
          <step title="Builder is OryxBuilder" date="2025-10-14T18:28:46.515" /><!-- duration: 7ms -->
        </step><!-- duration: 23ms -->
        <step title="PreDeployment: context.CleanOutputPath False" date="2025-10-14T18:28:46.645" >
          <step title="PreDeployment: context.OutputPath /home/site/wwwroot" date="2025-10-14T18:28:46.844" >
            <step title="Building" date="2025-10-14T18:28:47.017" >
              <step title="Executing external process" date="2025-10-14T18:28:47.518" type="process" path="bash" arguments="-c &quot;oryx build /home/site/repository -o /home/site/wwwroot --platform nodejs --platform-version 22 -p virtualenv_name= --log-file /tmp/build-debug.log  -i /tmp/8de0b4f833ea0e2 -p compress_node_modules=tar-gz | tee /tmp/oryx-build.log ; exit $PIPESTATUS &quot;" /><!-- duration: 117307ms -->
              <step title="Using GenericDeploymentLogParser" date="2025-10-14T18:30:45.409" /><!-- duration: 7ms -->
              <step title="Triggering recycle (preview mode disabled)." date="2025-10-14T18:30:47.869" /><!-- duration: 51ms -->
              <step title="Modified file to trigger a restart of the app container." date="2025-10-14T18:30:48.071" /><!-- duration: 21ms -->
              <step title="Skip function trigger and logicapp sync because function is not enabled." date="2025-10-14T18:30:48.152" /><!-- duration: 29ms -->
            </step><!-- duration: 122776ms -->
          </step><!-- duration: 123050ms -->
          <step title="Cleaning up temp files" date="2025-10-14T18:30:49.905" /><!-- duration: 4747ms -->
          <step title="Cleaning up temp files" date="2025-10-14T18:30:54.665" /><!-- duration: 510ms -->
          <step title="Reloading status file with latest updates" date="2025-10-14T18:30:55.215" >
            <step title="WebHooksManager.PublishEventAsync: PostDeployment" date="2025-10-14T18:30:55.227" /><!-- duration: 65ms -->
          </step><!-- duration: 82ms -->
          <step title="Cleaning up temporary deployment - fetch deployment was successful" date="2025-10-14T18:30:55.309" /><!-- duration: 4ms -->
        </step><!-- duration: 128738ms -->
      </step><!-- duration: 130658ms -->
