<step title="BackgroundTrace" date="2025-10-17T16:52:51.485" instance="37c775" url="/deploy" method="POST" >
  <step title="Creating temporary deployment - FetchDeploymentManager" date="2025-10-17T16:52:51.708" /><!-- duration: 4ms -->
  <step title="Creating temporary deployment" date="2025-10-17T16:52:51.744" /><!-- duration: 108ms -->
  <step title="Performing fetch based deployment" date="2025-10-17T16:52:52.082" >
    <step title="Deployment timer started" date="2025-10-17T16:53:14.502" >
      <step title="DeploymentManager.Deploy(id:e1e2a293716ed42d3a8bf0c7d605ce598751b104)" date="2025-10-17T16:53:14.511" >
        <step title="Collecting changeset information" date="2025-10-17T16:53:14.576" /><!-- duration: 178ms -->
        <step title="Updating submodules" date="2025-10-17T16:53:14.761" /><!-- duration: 1153ms -->
        <step title="Determining deployment builder" date="2025-10-17T16:53:16.166" >
          <step title="Builder is OryxBuilder" date="2025-10-17T16:53:16.178" /><!-- duration: 19ms -->
        </step><!-- duration: 44ms -->
        <step title="PreDeployment: context.CleanOutputPath False" date="2025-10-17T16:53:16.299" >
          <step title="PreDeployment: context.OutputPath /home/site/wwwroot" date="2025-10-17T16:53:16.429" >
            <step title="Building" date="2025-10-17T16:53:16.608" >
              <step title="Executing external process" date="2025-10-17T16:53:16.944" type="process" path="bash" arguments="-c &quot;oryx build /home/site/repository -o /home/site/wwwroot --platform nodejs --platform-version 22 -p virtualenv_name= --log-file /tmp/build-debug.log  -i /tmp/8de0d9daaf35e46 -p compress_node_modules=tar-gz | tee /tmp/oryx-build.log ; exit $PIPESTATUS &quot;" /><!-- duration: 249990ms -->
              <step title="Using GenericDeploymentLogParser" date="2025-10-17T16:57:27.636" /><!-- duration: 6ms -->
              <step title="Triggering recycle (preview mode disabled)." date="2025-10-17T16:57:29.207" /><!-- duration: 6ms -->
              <step title="Modified file to trigger a restart of the app container." date="2025-10-17T16:57:29.339" /><!-- duration: 7ms -->
              <step title="Skip function trigger and logicapp sync because function is not enabled." date="2025-10-17T16:57:29.439" /><!-- duration: 21ms -->
              <step title="Purge deployment items" date="2025-10-17T16:57:31.707" >
                <step title="Remove 6128e2a0e, Failed, received at 10/17/2025 16:42:33" date="2025-10-17T16:57:32.091" /><!-- duration: 30ms -->
                <step title="Remove d39c455c3, Success, received at 10/14/2025 18:13:43" date="2025-10-17T16:57:32.342" /><!-- duration: 10ms -->
              </step><!-- duration: 658ms -->
            </step><!-- duration: 256167ms -->
          </step><!-- duration: 256868ms -->
          <step title="Cleaning up temp files" date="2025-10-17T16:57:33.310" /><!-- duration: 14507ms -->
          <step title="Cleaning up temp files" date="2025-10-17T16:57:47.877" /><!-- duration: 613ms -->
          <step title="Reloading status file with latest updates" date="2025-10-17T16:57:49.232" >
            <step title="WebHooksManager.PublishEventAsync: PostDeployment" date="2025-10-17T16:57:49.262" /><!-- duration: 294ms -->
          </step><!-- duration: 385ms -->
          <step title="Cleaning up temporary deployment - fetch deployment was successful" date="2025-10-17T16:57:49.866" /><!-- duration: 101ms -->
        </step><!-- duration: 274221ms -->
      </step><!-- duration: 276490ms -->
