<step title="Incoming Request" date="2025-10-17T14:58:54.894" instance="37c775" url="/deploy?scmType=ExternalGit&amp;isAsync=true" method="POST" type="request" pid="825,1,17" Host="digital-signage-backend-fxeuazanh7cqd7d7.scm.eastus-01.azurewebsites.net" User-Agent="Azure-WebSites-Controller/105.0.7.86" Authorization="Bas..." Expect="100-continue" Content-Length="86" x-ms-request-id="2ea7b98a-2ddb-465a-9528-88ec0d0a1a00" X-ARR-LOG-ID="2ea7b98a-2ddb-465a-9528-88ec0d0a1a00" CLIENT-IP="40.71.11.169:19268" X-SITE-DEPLOYMENT-ID="Digital-Signage-Backend" WAS-DEFAULT-HOSTNAME="digital-signage-backend-fxeuazanh7cqd7d7.scm.eastus-01.azurewebsites.net" X-MS-PLATFORM-INTERNAL="True" X-Forwarded-Proto="https" X-AppService-Proto="https" X-Forwarded-TlsVersion="1.3" X-WAWS-Unencoded-URL="/deploy?scmType=ExternalGit&amp;isAsync=true" X-Client-IP="40.71.11.169" X-Client-Port="19268" >
  <step title="Cleanup Xml Logs" date="2025-10-17T14:58:54.901" /><!-- duration: 14ms -->
  <step title="FetchHandler" date="2025-10-17T14:58:54.925" >
    <step title="Executing external process" date="2025-10-17T14:58:54.995" type="process" path="git" arguments="rev-parse --git-dir" /><!-- duration: 121ms -->
    <step title="Executing external process" date="2025-10-17T14:58:55.129" type="process" path="git" arguments="rev-parse --git-dir" /><!-- duration: 27ms -->
    <step title="Executing external process" date="2025-10-17T14:58:55.163" type="process" path="git" arguments="log -n 1 main --" /><!-- duration: 132ms -->
    <step title="Start deployment in the background" date="2025-10-17T14:58:55.305" >
      <step title="Executing external process" date="2025-10-17T14:58:55.370" type="process" path="git" arguments="rev-parse --git-dir" /><!-- duration: 20ms -->
      <step title="Executing external process" date="2025-10-17T14:58:55.396" type="process" path="git" arguments="rev-parse --git-dir" /><!-- duration: 22ms -->
      <step title="Executing external process" date="2025-10-17T14:58:55.424" type="process" path="git" arguments="log -n 1 main --" /><!-- duration: 66ms -->
      <step title="Acquiring Deployment Lock" date="2025-10-17T14:58:55.496" /><!-- duration: 6ms -->
      <step title="Acquired Deployment Lock" date="2025-10-17T14:58:55.548" /><!-- duration: 12ms -->
    </step><!-- duration: 434ms -->
  </step><!-- duration: 837ms -->
  <step title="Outgoing response" date="2025-10-17T14:58:55.769" type="response" statusCode="202" statusText="Accepted" /><!-- duration: 6ms -->
</step><!-- duration: 886ms -->
