<step title="Incoming Request" date="2025-10-17T14:43:47.210" instance="37c775" url="/deploy?scmType=ExternalGit&amp;isAsync=true" method="POST" type="request" pid="829,1,5" Host="digital-signage-backend-fxeuazanh7cqd7d7.scm.eastus-01.azurewebsites.net" User-Agent="Azure-WebSites-Controller/105.0.7.86" Authorization="Bas..." Expect="100-continue" Content-Length="86" x-ms-request-id="8d6c208b-d816-4526-9c29-42935f7842f9" X-ARR-LOG-ID="8d6c208b-d816-4526-9c29-42935f7842f9" CLIENT-IP="40.71.11.169:20615" X-SITE-DEPLOYMENT-ID="Digital-Signage-Backend" WAS-DEFAULT-HOSTNAME="digital-signage-backend-fxeuazanh7cqd7d7.scm.eastus-01.azurewebsites.net" X-MS-PLATFORM-INTERNAL="True" X-Forwarded-Proto="https" X-AppService-Proto="https" X-Forwarded-TlsVersion="1.3" X-WAWS-Unencoded-URL="/deploy?scmType=ExternalGit&amp;isAsync=true" X-Client-IP="40.71.11.169" X-Client-Port="20615" >
  <step title="FetchHandler" date="2025-10-17T14:43:47.452" >
    <step title="Executing external process" date="2025-10-17T14:43:47.624" type="process" path="git" arguments="rev-parse --git-dir" /><!-- duration: 361ms -->
    <step title="Executing external process" date="2025-10-17T14:43:48.025" type="process" path="git" arguments="rev-parse --git-dir" /><!-- duration: 51ms -->
    <step title="Executing external process" date="2025-10-17T14:43:48.087" type="process" path="git" arguments="log -n 1 main --" /><!-- duration: 440ms -->
    <step title="Start deployment in the background" date="2025-10-17T14:43:48.548" >
      <step title="Executing external process" date="2025-10-17T14:43:48.710" type="process" path="git" arguments="rev-parse --git-dir" /><!-- duration: 72ms -->
      <step title="Executing external process" date="2025-10-17T14:43:48.799" type="process" path="git" arguments="rev-parse --git-dir" /><!-- duration: 33ms -->
      <step title="Executing external process" date="2025-10-17T14:43:48.861" type="process" path="git" arguments="log -n 1 main --" /><!-- duration: 172ms -->
      <step title="Acquiring Deployment Lock" date="2025-10-17T14:43:49.062" /><!-- duration: 31ms -->
      <step title="Acquired Deployment Lock" date="2025-10-17T14:43:49.214" /><!-- duration: 39ms -->
    </step><!-- duration: 968ms -->
  </step><!-- duration: 2084ms -->
  <step title="Outgoing response" date="2025-10-17T14:43:49.555" type="response" statusCode="202" statusText="Accepted" /><!-- duration: 41ms -->
</step><!-- duration: 2403ms -->
