<step title="Incoming Request" date="2025-10-21T19:23:29.769" instance="37c775" url="/deploy?scmType=ExternalGit&amp;isAsync=true" method="POST" type="request" pid="827,1,69" Host="digital-signage-backend-fxeuazanh7cqd7d7.scm.eastus-01.azurewebsites.net" User-Agent="Azure-WebSites-Controller/105.0.7.86" Authorization="Bas..." Expect="100-continue" Content-Length="86" x-ms-request-id="33409db9-75a7-480a-acbf-328ffd459579" X-ARR-LOG-ID="33409db9-75a7-480a-acbf-328ffd459579" CLIENT-IP="40.71.11.169:15748" X-SITE-DEPLOYMENT-ID="Digital-Signage-Backend" WAS-DEFAULT-HOSTNAME="digital-signage-backend-fxeuazanh7cqd7d7.scm.eastus-01.azurewebsites.net" X-MS-PLATFORM-INTERNAL="True" X-Forwarded-Proto="https" X-AppService-Proto="https" X-Forwarded-TlsVersion="1.3" X-WAWS-Unencoded-URL="/deploy?scmType=ExternalGit&amp;isAsync=true" X-Client-IP="40.71.11.169" X-Client-Port="15748" >
  <step title="Cleanup Xml Logs" date="2025-10-21T19:23:29.777" >
    <step title="Cleanup Infos" date="2025-10-21T19:23:29.820" totalFiles="224" totalCleanup="64" /><!-- duration: 42ms -->
  </step><!-- duration: 101ms -->
  <step title="FetchHandler" date="2025-10-21T19:23:30.137" >
    <step title="Executing external process" date="2025-10-21T19:23:30.329" type="process" path="git" arguments="rev-parse --git-dir" /><!-- duration: 985ms -->
    <step title="Executing external process" date="2025-10-21T19:23:31.334" type="process" path="git" arguments="rev-parse --git-dir" /><!-- duration: 41ms -->
    <step title="Executing external process" date="2025-10-21T19:23:31.387" type="process" path="git" arguments="log -n 1 main --" /><!-- duration: 163ms -->
    <step title="Start deployment in the background" date="2025-10-21T19:23:31.571" >
      <step title="Executing external process" date="2025-10-21T19:23:31.640" type="process" path="git" arguments="rev-parse --git-dir" /><!-- duration: 51ms -->
      <step title="Executing external process" date="2025-10-21T19:23:31.699" type="process" path="git" arguments="rev-parse --git-dir" /><!-- duration: 96ms -->
      <step title="Executing external process" date="2025-10-21T19:23:31.807" type="process" path="git" arguments="log -n 1 main --" /><!-- duration: 94ms -->
      <step title="Acquiring Deployment Lock" date="2025-10-21T19:23:31.910" /><!-- duration: 5ms -->
      <step title="Acquired Deployment Lock" date="2025-10-21T19:23:31.966" /><!-- duration: 5ms -->
    </step><!-- duration: 549ms -->
  </step><!-- duration: 1990ms -->
  <step title="Outgoing response" date="2025-10-21T19:23:32.134" type="response" statusCode="202" statusText="Accepted" /><!-- duration: 4ms -->
</step><!-- duration: 2375ms -->
