<step title="BackgroundTrace" date="2025-10-17T13:33:46.862" instance="37c775" url="/deploy" method="POST" >
  <step title="Creating temporary deployment - FetchDeploymentManager" date="2025-10-17T13:33:47.113" /><!-- duration: 12ms -->
  <step title="Creating temporary deployment" date="2025-10-17T13:33:47.159" /><!-- duration: 128ms -->
  <step title="Performing fetch based deployment" date="2025-10-17T13:33:47.459" >
    <step title="Deployment timer started" date="2025-10-17T13:34:00.540" >
      <step title="DeploymentManager.Deploy(id:14c337306b7539546e7a97cedee32db29f9c4987)" date="2025-10-17T13:34:00.578" >
        <step title="Collecting changeset information" date="2025-10-17T13:34:00.632" /><!-- duration: 170ms -->
        <step title="Updating submodules" date="2025-10-17T13:34:00.814" /><!-- duration: 1249ms -->
        <step title="Determining deployment builder" date="2025-10-17T13:34:02.846" >
          <step title="Builder is OryxBuilder" date="2025-10-17T13:34:02.979" /><!-- duration: 30ms -->
        </step><!-- duration: 193ms -->
        <step title="PreDeployment: context.CleanOutputPath False" date="2025-10-17T13:34:03.182" >
          <step title="PreDeployment: context.OutputPath /home/site/wwwroot" date="2025-10-17T13:34:03.351" >
            <step title="Building" date="2025-10-17T13:34:03.525" >
              <step title="Executing external process" date="2025-10-17T13:34:03.971" type="process" path="bash" arguments="-c &quot;oryx build /home/site/repository -o /home/site/wwwroot --platform nodejs --platform-version 22 -p virtualenv_name= --log-file /tmp/build-debug.log  -i /tmp/8de0d81d6519371 -p compress_node_modules=tar-gz | tee /tmp/oryx-build.log ; exit $PIPESTATUS &quot;" /><!-- duration: 150112ms -->
              <step title="Using GenericDeploymentLogParser" date="2025-10-17T13:36:34.770" /><!-- duration: 6ms -->
              <step title="Triggering recycle (preview mode disabled)." date="2025-10-17T13:36:36.316" /><!-- duration: 17ms -->
              <step title="Modified file to trigger a restart of the app container." date="2025-10-17T13:36:36.397" /><!-- duration: 7ms -->
              <step title="Skip function trigger and logicapp sync because function is not enabled." date="2025-10-17T13:36:36.439" /><!-- duration: 26ms -->
            </step><!-- duration: 154478ms -->
          </step><!-- duration: 154787ms -->
          <step title="Cleaning up temp files" date="2025-10-17T13:36:38.144" /><!-- duration: 4255ms -->
          <step title="Cleaning up temp files" date="2025-10-17T13:36:42.408" /><!-- duration: 542ms -->
          <step title="Reloading status file with latest updates" date="2025-10-17T13:36:42.981" >
            <step title="WebHooksManager.PublishEventAsync: PostDeployment" date="2025-10-17T13:36:42.987" /><!-- duration: 63ms -->
          </step><!-- duration: 75ms -->
          <step title="Cleaning up temporary deployment - fetch deployment was successful" date="2025-10-17T13:36:43.068" /><!-- duration: 4ms -->
        </step><!-- duration: 159947ms -->
      </step><!-- duration: 162582ms -->
