<step title="Incoming Request" date="2025-10-23T18:19:28.441" instance="b65d95" url="/deploy?scmType=ExternalGit&amp;isAsync=true" method="POST" type="request" pid="823,1,5" Host="digital-signage-backend-fxeuazanh7cqd7d7.scm.eastus-01.azurewebsites.net" User-Agent="Azure-WebSites-Controller/105.0.7.86" Authorization="Bas..." Expect="100-continue" Content-Length="86" x-ms-request-id="5c801cfe-56a8-447a-bc4d-183076fcde0e" X-ARR-LOG-ID="5c801cfe-56a8-447a-bc4d-183076fcde0e" CLIENT-IP="40.71.11.169:18978" X-SITE-DEPLOYMENT-ID="Digital-Signage-Backend" WAS-DEFAULT-HOSTNAME="digital-signage-backend-fxeuazanh7cqd7d7.scm.eastus-01.azurewebsites.net" X-MS-PLATFORM-INTERNAL="True" X-Forwarded-Proto="https" X-AppService-Proto="https" X-Forwarded-TlsVersion="1.3" X-WAWS-Unencoded-URL="/deploy?scmType=ExternalGit&amp;isAsync=true" X-Client-IP="40.71.11.169" X-Client-Port="18978" >
  <step title="FetchHandler" date="2025-10-23T18:19:28.482" >
    <step title="Executing external process" date="2025-10-23T18:19:28.750" type="process" path="git" arguments="rev-parse --git-dir" /><!-- duration: 361ms -->
    <step title="Executing external process" date="2025-10-23T18:19:29.424" type="process" path="git" arguments="rev-parse --git-dir" /><!-- duration: 139ms -->
    <step title="Executing external process" date="2025-10-23T18:19:29.615" type="process" path="git" arguments="log -n 1 main --" /><!-- duration: 971ms -->
    <step title="Start deployment in the background" date="2025-10-23T18:19:30.677" >
      <step title="Executing external process" date="2025-10-23T18:19:30.866" type="process" path="git" arguments="rev-parse --git-dir" /><!-- duration: 362ms -->
      <step title="Executing external process" date="2025-10-23T18:19:31.299" type="process" path="git" arguments="rev-parse --git-dir" /><!-- duration: 39ms -->
      <step title="Executing external process" date="2025-10-23T18:19:31.349" type="process" path="git" arguments="log -n 1 main --" /><!-- duration: 251ms -->
      <step title="Acquiring Deployment Lock" date="2025-10-23T18:19:31.621" /><!-- duration: 36ms -->
      <step title="Acquired Deployment Lock" date="2025-10-23T18:19:31.767" /><!-- duration: 20ms -->
    </step><!-- duration: 1400ms -->
  </step><!-- duration: 3620ms -->
  <step title="Outgoing response" date="2025-10-23T18:19:32.118" type="response" statusCode="202" statusText="Accepted" /><!-- duration: 30ms -->
</step><!-- duration: 3726ms -->
