<step title="Incoming Request" date="2025-10-21T19:45:29.743" instance="37c775" url="/deploy?scmType=ExternalGit&amp;isAsync=true" method="POST" type="request" pid="827,1,32" Host="digital-signage-backend-fxeuazanh7cqd7d7.scm.eastus-01.azurewebsites.net" User-Agent="Azure-WebSites-Controller/105.0.7.86" Authorization="Bas..." Expect="100-continue" Content-Length="86" x-ms-request-id="03720a48-47cb-48f5-9090-eae86109aa92" X-ARR-LOG-ID="03720a48-47cb-48f5-9090-eae86109aa92" CLIENT-IP="40.71.11.169:19906" X-SITE-DEPLOYMENT-ID="Digital-Signage-Backend" WAS-DEFAULT-HOSTNAME="digital-signage-backend-fxeuazanh7cqd7d7.scm.eastus-01.azurewebsites.net" X-MS-PLATFORM-INTERNAL="True" X-Forwarded-Proto="https" X-AppService-Proto="https" X-Forwarded-TlsVersion="1.3" X-WAWS-Unencoded-URL="/deploy?scmType=ExternalGit&amp;isAsync=true" X-Client-IP="40.71.11.169" X-Client-Port="19906" >
  <step title="Cleanup Xml Logs" date="2025-10-21T19:45:29.753" >
    <step title="Cleanup Infos" date="2025-10-21T19:45:29.905" totalFiles="226" totalCleanup="66" /><!-- duration: 74ms -->
  </step><!-- duration: 234ms -->
  <step title="FetchHandler" date="2025-10-21T19:45:30.018" >
    <step title="Executing external process" date="2025-10-21T19:45:30.127" type="process" path="git" arguments="rev-parse --git-dir" /><!-- duration: 169ms -->
    <step title="Executing external process" date="2025-10-21T19:45:30.360" type="process" path="git" arguments="rev-parse --git-dir" /><!-- duration: 71ms -->
    <step title="Executing external process" date="2025-10-21T19:45:30.443" type="process" path="git" arguments="log -n 1 main --" /><!-- duration: 188ms -->
    <step title="Start deployment in the background" date="2025-10-21T19:45:30.651" >
      <step title="Executing external process" date="2025-10-21T19:45:30.728" type="process" path="git" arguments="rev-parse --git-dir" /><!-- duration: 31ms -->
      <step title="Executing external process" date="2025-10-21T19:45:30.772" type="process" path="git" arguments="rev-parse --git-dir" /><!-- duration: 24ms -->
      <step title="Executing external process" date="2025-10-21T19:45:30.810" type="process" path="git" arguments="log -n 1 main --" /><!-- duration: 89ms -->
      <step title="Acquiring Deployment Lock" date="2025-10-21T19:45:30.907" /><!-- duration: 4ms -->
      <step title="Acquired Deployment Lock" date="2025-10-21T19:45:31.058" /><!-- duration: 6ms -->
    </step><!-- duration: 604ms -->
  </step><!-- duration: 1242ms -->
  <step title="Outgoing response" date="2025-10-21T19:45:31.265" type="response" statusCode="202" statusText="Accepted" /><!-- duration: 5ms -->
</step><!-- duration: 1531ms -->
