<step title="Incoming Request" date="2025-10-23T15:45:27.834" instance="b65d95" url="/deploy?scmType=ExternalGit&amp;isAsync=true" method="POST" type="request" pid="823,1,5" Host="digital-signage-backend-fxeuazanh7cqd7d7.scm.eastus-01.azurewebsites.net" User-Agent="Azure-WebSites-Controller/105.0.7.86" Authorization="Bas..." Expect="100-continue" Content-Length="86" x-ms-request-id="9e0ab4db-2cb1-4ba5-b5bb-93c1743ccf41" X-ARR-LOG-ID="9e0ab4db-2cb1-4ba5-b5bb-93c1743ccf41" CLIENT-IP="40.71.11.169:24836" X-SITE-DEPLOYMENT-ID="Digital-Signage-Backend" WAS-DEFAULT-HOSTNAME="digital-signage-backend-fxeuazanh7cqd7d7.scm.eastus-01.azurewebsites.net" X-MS-PLATFORM-INTERNAL="True" X-Forwarded-Proto="https" X-AppService-Proto="https" X-Forwarded-TlsVersion="1.3" X-WAWS-Unencoded-URL="/deploy?scmType=ExternalGit&amp;isAsync=true" X-Client-IP="40.71.11.169" X-Client-Port="24836" >
  <step title="Cleanup Xml Logs" date="2025-10-23T15:45:27.838" >
    <step title="Cleanup Infos" date="2025-10-23T15:45:27.848" totalFiles="236" totalCleanup="76" /><!-- duration: 19ms -->
  </step><!-- duration: 33ms -->
  <step title="FetchHandler" date="2025-10-23T15:45:27.881" >
    <step title="Executing external process" date="2025-10-23T15:45:28.015" type="process" path="git" arguments="rev-parse --git-dir" /><!-- duration: 279ms -->
    <step title="Executing external process" date="2025-10-23T15:45:28.314" type="process" path="git" arguments="rev-parse --git-dir" /><!-- duration: 51ms -->
    <step title="Executing external process" date="2025-10-23T15:45:28.369" type="process" path="git" arguments="log -n 1 main --" /><!-- duration: 112ms -->
    <step title="Start deployment in the background" date="2025-10-23T15:45:28.508" >
      <step title="Executing external process" date="2025-10-23T15:45:28.552" type="process" path="git" arguments="rev-parse --git-dir" /><!-- duration: 50ms -->
      <step title="Executing external process" date="2025-10-23T15:45:28.607" type="process" path="git" arguments="rev-parse --git-dir" /><!-- duration: 26ms -->
      <step title="Executing external process" date="2025-10-23T15:45:28.637" type="process" path="git" arguments="log -n 1 main --" /><!-- duration: 20ms -->
      <step title="Acquiring Deployment Lock" date="2025-10-23T15:45:28.662" /><!-- duration: 4ms -->
      <step title="Cannot Acquire Deployment Lock already held" date="2025-10-23T15:45:28.688" /><!-- duration: 4ms -->
    </step><!-- duration: 327ms -->
  </step><!-- duration: 996ms -->
  <step title="Outgoing response" date="2025-10-23T15:45:28.881" type="response" statusCode="202" statusText="Accepted" /><!-- duration: 5ms -->
</step><!-- duration: 1057ms -->
