<step title="BackgroundTrace" date="2025-10-23T16:30:26.746" instance="b65d95" url="/deploy" method="POST" >
  <step title="Creating temporary deployment - FetchDeploymentManager" date="2025-10-23T16:30:27.018" /><!-- duration: 3ms -->
  <step title="Creating temporary deployment" date="2025-10-23T16:30:27.026" /><!-- duration: 135ms -->
  <step title="Performing fetch based deployment" date="2025-10-23T16:30:27.485" >
    <step title="Deployment timer started" date="2025-10-23T16:30:47.667" >
      <step title="DeploymentManager.Deploy(id:3d411b5b7fdb3da7950f3943f22deb757f571006)" date="2025-10-23T16:30:47.672" >
        <step title="Collecting changeset information" date="2025-10-23T16:30:47.724" /><!-- duration: 151ms -->
        <step title="Updating submodules" date="2025-10-23T16:30:47.891" /><!-- duration: 1152ms -->
        <step title="Determining deployment builder" date="2025-10-23T16:30:49.388" >
          <step title="Builder is OryxBuilder" date="2025-10-23T16:30:49.395" /><!-- duration: 23ms -->
        </step><!-- duration: 50ms -->
        <step title="PreDeployment: context.CleanOutputPath False" date="2025-10-23T16:30:50.637" >
          <step title="PreDeployment: context.OutputPath /home/site/wwwroot" date="2025-10-23T16:30:50.775" >
            <step title="Building" date="2025-10-23T16:30:50.941" >
              <step title="Executing external process" date="2025-10-23T16:30:51.361" type="process" path="bash" arguments="-c &quot;oryx build /home/site/repository -o /home/site/wwwroot --platform nodejs --platform-version 22 -p virtualenv_name= --log-file /tmp/build-debug.log  -i /tmp/8de125186b096ac -p compress_node_modules=tar-gz | tee /tmp/oryx-build.log ; exit $PIPESTATUS &quot;" /><!-- duration: 272825ms -->
              <step title="Using GenericDeploymentLogParser" date="2025-10-23T16:35:24.718" /><!-- duration: 8ms -->
              <step title="Triggering recycle (preview mode disabled)." date="2025-10-23T16:35:27.307" /><!-- duration: 8ms -->
              <step title="Modified file to trigger a restart of the app container." date="2025-10-23T16:35:27.360" /><!-- duration: 4ms -->
              <step title="Skip function trigger and logicapp sync because function is not enabled." date="2025-10-23T16:35:27.395" /><!-- duration: 12ms -->
              <step title="Purge deployment items" date="2025-10-23T16:35:28.709" >
                <step title="Remove temp-3101, Pending, received at 10/23/2025 16:30:27" date="2025-10-23T16:35:28.789" /><!-- duration: 10ms -->
                <step title="Remove temp-44fc, Pending, received at 10/23/2025 15:27:28" date="2025-10-23T16:35:28.874" /><!-- duration: 4ms -->
                <step title="Remove f805da052, Success, received at 10/17/2025 14:07:00" date="2025-10-23T16:35:28.951" /><!-- duration: 4ms -->
              </step><!-- duration: 250ms -->
            </step><!-- duration: 278121ms -->
          </step><!-- duration: 278306ms -->
          <step title="Cleaning up temp files" date="2025-10-23T16:35:29.085" /><!-- duration: 4274ms -->
          <step title="Cleaning up temp files" date="2025-10-23T16:35:33.363" /><!-- duration: 517ms -->
          <step title="Reloading status file with latest updates" date="2025-10-23T16:35:33.916" >
            <step title="WebHooksManager.PublishEventAsync: PostDeployment" date="2025-10-23T16:35:33.935" /><!-- duration: 201ms -->
          </step><!-- duration: 224ms -->
          <step title="Cleaning up temporary deployment - fetch deployment was successful" date="2025-10-23T16:35:34.148" /><!-- duration: 4ms -->
        </step><!-- duration: 283621ms -->
      </step><!-- duration: 286678ms -->
