<step title="Incoming Request" date="2025-10-17T16:36:34.244" instance="37c775" url="/deploy?scmType=ExternalGit&amp;isAsync=true" method="POST" type="request" pid="827,1,16" Host="digital-signage-backend-fxeuazanh7cqd7d7.scm.eastus-01.azurewebsites.net" User-Agent="Azure-WebSites-Controller/105.0.7.86" Authorization="Bas..." Expect="100-continue" Content-Length="86" x-ms-request-id="2dc8a7f0-1753-4da5-9e7f-9b949b44bd33" X-ARR-LOG-ID="2dc8a7f0-1753-4da5-9e7f-9b949b44bd33" CLIENT-IP="40.71.11.169:20544" X-SITE-DEPLOYMENT-ID="Digital-Signage-Backend" WAS-DEFAULT-HOSTNAME="digital-signage-backend-fxeuazanh7cqd7d7.scm.eastus-01.azurewebsites.net" X-MS-PLATFORM-INTERNAL="True" X-Forwarded-Proto="https" X-AppService-Proto="https" X-Forwarded-TlsVersion="1.3" X-WAWS-Unencoded-URL="/deploy?scmType=ExternalGit&amp;isAsync=true" X-Client-IP="40.71.11.169" X-Client-Port="20544" >
  <step title="Cleanup Xml Logs" date="2025-10-17T16:36:34.247" /><!-- duration: 14ms -->
  <step title="FetchHandler" date="2025-10-17T16:36:34.285" >
    <step title="Executing external process" date="2025-10-17T16:36:34.405" type="process" path="git" arguments="rev-parse --git-dir" /><!-- duration: 157ms -->
    <step title="Executing external process" date="2025-10-17T16:36:34.568" type="process" path="git" arguments="rev-parse --git-dir" /><!-- duration: 28ms -->
    <step title="Executing external process" date="2025-10-17T16:36:34.610" type="process" path="git" arguments="log -n 1 main --" /><!-- duration: 116ms -->
    <step title="Start deployment in the background" date="2025-10-17T16:36:34.732" >
      <step title="Executing external process" date="2025-10-17T16:36:34.764" type="process" path="git" arguments="rev-parse --git-dir" /><!-- duration: 21ms -->
      <step title="Executing external process" date="2025-10-17T16:36:34.791" type="process" path="git" arguments="rev-parse --git-dir" /><!-- duration: 21ms -->
      <step title="Executing external process" date="2025-10-17T16:36:34.818" type="process" path="git" arguments="log -n 1 main --" /><!-- duration: 62ms -->
      <step title="Acquiring Deployment Lock" date="2025-10-17T16:36:34.888" /><!-- duration: 13ms -->
      <step title="Acquired Deployment Lock" date="2025-10-17T16:36:34.935" /><!-- duration: 5ms -->
    </step><!-- duration: 315ms -->
  </step><!-- duration: 767ms -->
  <step title="Outgoing response" date="2025-10-17T16:36:35.056" type="response" statusCode="202" statusText="Accepted" /><!-- duration: 4ms -->
</step><!-- duration: 820ms -->
