<step title="Incoming Request" date="2025-10-17T16:31:23.856" instance="37c775" url="/deploy?scmType=ExternalGit&amp;isAsync=true" method="POST" type="request" pid="827,1,19" Host="digital-signage-backend-fxeuazanh7cqd7d7.scm.eastus-01.azurewebsites.net" User-Agent="Azure-WebSites-Controller/105.0.7.86" Authorization="Bas..." Expect="100-continue" Content-Length="86" x-ms-request-id="f935b238-be52-4711-8dfd-f9d9a5c9cc62" X-ARR-LOG-ID="f935b238-be52-4711-8dfd-f9d9a5c9cc62" CLIENT-IP="40.71.11.169:18977" X-SITE-DEPLOYMENT-ID="Digital-Signage-Backend" WAS-DEFAULT-HOSTNAME="digital-signage-backend-fxeuazanh7cqd7d7.scm.eastus-01.azurewebsites.net" X-MS-PLATFORM-INTERNAL="True" X-Forwarded-Proto="https" X-AppService-Proto="https" X-Forwarded-TlsVersion="1.3" X-WAWS-Unencoded-URL="/deploy?scmType=ExternalGit&amp;isAsync=true" X-Client-IP="40.71.11.169" X-Client-Port="18977" >
  <step title="Cleanup Xml Logs" date="2025-10-17T16:31:23.877" /><!-- duration: 13ms -->
  <step title="FetchHandler" date="2025-10-17T16:31:23.905" >
    <step title="Executing external process" date="2025-10-17T16:31:23.964" type="process" path="git" arguments="rev-parse --git-dir" /><!-- duration: 51ms -->
    <step title="Executing external process" date="2025-10-17T16:31:24.023" type="process" path="git" arguments="rev-parse --git-dir" /><!-- duration: 20ms -->
    <step title="Executing external process" date="2025-10-17T16:31:24.048" type="process" path="git" arguments="log -n 1 main --" /><!-- duration: 110ms -->
    <step title="Start deployment in the background" date="2025-10-17T16:31:24.168" >
      <step title="Executing external process" date="2025-10-17T16:31:24.191" type="process" path="git" arguments="rev-parse --git-dir" /><!-- duration: 19ms -->
      <step title="Executing external process" date="2025-10-17T16:31:24.219" type="process" path="git" arguments="rev-parse --git-dir" /><!-- duration: 18ms -->
      <step title="Executing external process" date="2025-10-17T16:31:24.246" type="process" path="git" arguments="log -n 1 main --" /><!-- duration: 69ms -->
      <step title="Acquiring Deployment Lock" date="2025-10-17T16:31:24.319" /><!-- duration: 14ms -->
      <step title="Acquired Deployment Lock" date="2025-10-17T16:31:24.365" /><!-- duration: 4ms -->
    </step><!-- duration: 301ms -->
  </step><!-- duration: 569ms -->
  <step title="Outgoing response" date="2025-10-17T16:31:24.479" type="response" statusCode="202" statusText="Accepted" /><!-- duration: 4ms -->
</step><!-- duration: 631ms -->
