<step title="Incoming Request" date="2025-10-17T16:22:10.680" instance="37c775" url="/deploy?scmType=ExternalGit&amp;isAsync=true" method="POST" type="request" pid="827,1,32" Host="digital-signage-backend-fxeuazanh7cqd7d7.scm.eastus-01.azurewebsites.net" User-Agent="Azure-WebSites-Controller/105.0.7.86" Authorization="Bas..." Expect="100-continue" Content-Length="86" x-ms-request-id="05fa53ff-ea4c-4eee-8355-db0e599b913e" X-ARR-LOG-ID="05fa53ff-ea4c-4eee-8355-db0e599b913e" CLIENT-IP="40.71.11.169:19906" X-SITE-DEPLOYMENT-ID="Digital-Signage-Backend" WAS-DEFAULT-HOSTNAME="digital-signage-backend-fxeuazanh7cqd7d7.scm.eastus-01.azurewebsites.net" X-MS-PLATFORM-INTERNAL="True" X-Forwarded-Proto="https" X-AppService-Proto="https" X-Forwarded-TlsVersion="1.3" X-WAWS-Unencoded-URL="/deploy?scmType=ExternalGit&amp;isAsync=true" X-Client-IP="40.71.11.169" X-Client-Port="19906" >
  <step title="Cleanup Xml Logs" date="2025-10-17T16:22:10.701" /><!-- duration: 41ms -->
  <step title="FetchHandler" date="2025-10-17T16:22:10.891" >
    <step title="Executing external process" date="2025-10-17T16:22:11.326" type="process" path="git" arguments="rev-parse --git-dir" /><!-- duration: 252ms -->
    <step title="Executing external process" date="2025-10-17T16:22:11.600" type="process" path="git" arguments="rev-parse --git-dir" /><!-- duration: 98ms -->
    <step title="Executing external process" date="2025-10-17T16:22:11.719" type="process" path="git" arguments="log -n 1 main --" /><!-- duration: 512ms -->
    <step title="Start deployment in the background" date="2025-10-17T16:22:12.263" >
      <step title="Executing external process" date="2025-10-17T16:22:12.363" type="process" path="git" arguments="rev-parse --git-dir" /><!-- duration: 61ms -->
      <step title="Executing external process" date="2025-10-17T16:22:12.452" type="process" path="git" arguments="rev-parse --git-dir" /><!-- duration: 61ms -->
      <step title="Executing external process" date="2025-10-17T16:22:12.542" type="process" path="git" arguments="log -n 1 main --" /><!-- duration: 442ms -->
      <step title="Acquiring Deployment Lock" date="2025-10-17T16:22:13.015" /><!-- duration: 11ms -->
      <step title="Acquired Deployment Lock" date="2025-10-17T16:22:13.156" /><!-- duration: 29ms -->
    </step><!-- duration: 1304ms -->
  </step><!-- duration: 2687ms -->
  <step title="Outgoing response" date="2025-10-17T16:22:13.630" type="response" statusCode="202" statusText="Accepted" /><!-- duration: 17ms -->
</step><!-- duration: 2978ms -->
