<step title="BackgroundTrace" date="2025-10-21T16:44:47.179" instance="37c775" url="/deploy" method="POST" >
  <step title="Creating temporary deployment - FetchDeploymentManager" date="2025-10-21T16:44:47.626" /><!-- duration: 6ms -->
  <step title="Creating temporary deployment" date="2025-10-21T16:44:47.643" /><!-- duration: 115ms -->
  <step title="Performing fetch based deployment" date="2025-10-21T16:44:48.218" >
    <step title="Deployment timer started" date="2025-10-21T16:45:11.453" >
      <step title="DeploymentManager.Deploy(id:d6cbdac3fb06cf3eda2f6996746215af7704f088)" date="2025-10-21T16:45:11.479" >
        <step title="Collecting changeset information" date="2025-10-21T16:45:11.564" /><!-- duration: 183ms -->
        <step title="Updating submodules" date="2025-10-21T16:45:11.757" /><!-- duration: 1202ms -->
        <step title="Determining deployment builder" date="2025-10-21T16:45:13.196" >
          <step title="Builder is OryxBuilder" date="2025-10-21T16:45:13.216" /><!-- duration: 20ms -->
        </step><!-- duration: 47ms -->
        <step title="PreDeployment: context.CleanOutputPath False" date="2025-10-21T16:45:13.325" >
          <step title="PreDeployment: context.OutputPath /home/site/wwwroot" date="2025-10-21T16:45:13.499" >
            <step title="Building" date="2025-10-21T16:45:13.671" >
              <step title="Executing external process" date="2025-10-21T16:45:14.522" type="process" path="bash" arguments="-c &quot;oryx build /home/site/repository -o /home/site/wwwroot --platform nodejs --platform-version 22 -p virtualenv_name= --log-file /tmp/build-debug.log  -i /tmp/8de10c134ba6b9c -p compress_node_modules=tar-gz | tee /tmp/oryx-build.log ; exit $PIPESTATUS &quot;" /><!-- duration: 281303ms -->
              <step title="Using GenericDeploymentLogParser" date="2025-10-21T16:49:56.480" /><!-- duration: 10ms -->
              <step title="Triggering recycle (preview mode disabled)." date="2025-10-21T16:49:58.124" /><!-- duration: 14ms -->
              <step title="Modified file to trigger a restart of the app container." date="2025-10-21T16:49:58.204" /><!-- duration: 6ms -->
              <step title="Skip function trigger and logicapp sync because function is not enabled." date="2025-10-21T16:49:58.236" /><!-- duration: 19ms -->
              <step title="Purge deployment items" date="2025-10-21T16:49:59.714" >
                <step title="Remove b5c1f92b7, Failed, received at 10/21/2025 16:35:24" date="2025-10-21T16:49:59.865" /><!-- duration: 16ms -->
                <step title="Remove 18f4ed384, Success, received at 10/14/2025 18:21:27" date="2025-10-21T16:49:59.970" /><!-- duration: 5ms -->
              </step><!-- duration: 267ms -->
            </step><!-- duration: 286402ms -->
          </step><!-- duration: 286610ms -->
          <step title="Cleaning up temp files" date="2025-10-21T16:50:00.114" /><!-- duration: 10386ms -->
          <step title="Cleaning up temp files" date="2025-10-21T16:50:10.520" /><!-- duration: 596ms -->
          <step title="Reloading status file with latest updates" date="2025-10-21T16:50:11.219" >
            <step title="WebHooksManager.PublishEventAsync: PostDeployment" date="2025-10-21T16:50:11.232" /><!-- duration: 150ms -->
          </step><!-- duration: 168ms -->
          <step title="Cleaning up temporary deployment - fetch deployment was successful" date="2025-10-21T16:50:11.405" /><!-- duration: 4ms -->
        </step><!-- duration: 298192ms -->
      </step><!-- duration: 300418ms -->
