<step title="Incoming Request" date="2025-10-17T16:52:51.012" instance="37c775" url="/deploy?scmType=ExternalGit&amp;isAsync=true" method="POST" type="request" pid="827,1,36" Host="digital-signage-backend-fxeuazanh7cqd7d7.scm.eastus-01.azurewebsites.net" User-Agent="Azure-WebSites-Controller/105.0.7.86" Authorization="Bas..." Expect="100-continue" Content-Length="86" x-ms-request-id="32a1685b-511c-4c3e-b21b-1e8cd927976b" X-ARR-LOG-ID="32a1685b-511c-4c3e-b21b-1e8cd927976b" CLIENT-IP="40.71.11.169:19906" X-SITE-DEPLOYMENT-ID="Digital-Signage-Backend" WAS-DEFAULT-HOSTNAME="digital-signage-backend-fxeuazanh7cqd7d7.scm.eastus-01.azurewebsites.net" X-MS-PLATFORM-INTERNAL="True" X-Forwarded-Proto="https" X-AppService-Proto="https" X-Forwarded-TlsVersion="1.3" X-WAWS-Unencoded-URL="/deploy?scmType=ExternalGit&amp;isAsync=true" X-Client-IP="40.71.11.169" X-Client-Port="19906" >
  <step title="Cleanup Xml Logs" date="2025-10-17T16:52:51.016" /><!-- duration: 10ms -->
  <step title="FetchHandler" date="2025-10-17T16:52:51.040" >
    <step title="Executing external process" date="2025-10-17T16:52:51.235" type="process" path="git" arguments="rev-parse --git-dir" /><!-- duration: 84ms -->
    <step title="Executing external process" date="2025-10-17T16:52:51.326" type="process" path="git" arguments="rev-parse --git-dir" /><!-- duration: 29ms -->
    <step title="Executing external process" date="2025-10-17T16:52:51.359" type="process" path="git" arguments="log -n 1 main --" /><!-- duration: 112ms -->
    <step title="Start deployment in the background" date="2025-10-17T16:52:51.480" >
      <step title="Executing external process" date="2025-10-17T16:52:51.518" type="process" path="git" arguments="rev-parse --git-dir" /><!-- duration: 24ms -->
      <step title="Executing external process" date="2025-10-17T16:52:51.547" type="process" path="git" arguments="rev-parse --git-dir" /><!-- duration: 34ms -->
      <step title="Executing external process" date="2025-10-17T16:52:51.588" type="process" path="git" arguments="log -n 1 main --" /><!-- duration: 61ms -->
      <step title="Acquiring Deployment Lock" date="2025-10-17T16:52:51.653" /><!-- duration: 4ms -->
      <step title="Acquired Deployment Lock" date="2025-10-17T16:52:51.699" /><!-- duration: 4ms -->
    </step><!-- duration: 388ms -->
  </step><!-- duration: 850ms -->
  <step title="Outgoing response" date="2025-10-17T16:52:51.898" type="response" statusCode="202" statusText="Accepted" /><!-- duration: 4ms -->
</step><!-- duration: 894ms -->
