<step title="Incoming Request" date="2025-10-17T16:11:35.488" instance="37c775" url="/deploy?scmType=ExternalGit&amp;isAsync=true" method="POST" type="request" pid="827,1,35" Host="digital-signage-backend-fxeuazanh7cqd7d7.scm.eastus-01.azurewebsites.net" User-Agent="Azure-WebSites-Controller/105.0.7.86" Authorization="Bas..." Expect="100-continue" Content-Length="86" x-ms-request-id="efcf1e8b-80df-434e-9d3b-f64773bdbc80" X-ARR-LOG-ID="efcf1e8b-80df-434e-9d3b-f64773bdbc80" CLIENT-IP="40.71.11.169:20609" X-SITE-DEPLOYMENT-ID="Digital-Signage-Backend" WAS-DEFAULT-HOSTNAME="digital-signage-backend-fxeuazanh7cqd7d7.scm.eastus-01.azurewebsites.net" X-MS-PLATFORM-INTERNAL="True" X-Forwarded-Proto="https" X-AppService-Proto="https" X-Forwarded-TlsVersion="1.3" X-WAWS-Unencoded-URL="/deploy?scmType=ExternalGit&amp;isAsync=true" X-Client-IP="40.71.11.169" X-Client-Port="20609" >
  <step title="Cleanup Xml Logs" date="2025-10-17T16:11:35.500" /><!-- duration: 13ms -->
  <step title="FetchHandler" date="2025-10-17T16:11:35.543" >
    <step title="Executing external process" date="2025-10-17T16:11:35.707" type="process" path="git" arguments="rev-parse --git-dir" /><!-- duration: 77ms -->
    <step title="Executing external process" date="2025-10-17T16:11:35.812" type="process" path="git" arguments="rev-parse --git-dir" /><!-- duration: 30ms -->
    <step title="Executing external process" date="2025-10-17T16:11:35.852" type="process" path="git" arguments="log -n 1 main --" /><!-- duration: 143ms -->
    <step title="Start deployment in the background" date="2025-10-17T16:11:36.014" >
      <step title="Executing external process" date="2025-10-17T16:11:36.072" type="process" path="git" arguments="rev-parse --git-dir" /><!-- duration: 44ms -->
      <step title="Executing external process" date="2025-10-17T16:11:36.128" type="process" path="git" arguments="rev-parse --git-dir" /><!-- duration: 23ms -->
      <step title="Executing external process" date="2025-10-17T16:11:36.161" type="process" path="git" arguments="log -n 1 main --" /><!-- duration: 67ms -->
      <step title="Acquiring Deployment Lock" date="2025-10-17T16:11:36.238" /><!-- duration: 8ms -->
      <step title="Acquired Deployment Lock" date="2025-10-17T16:11:36.297" /><!-- duration: 5ms -->
    </step><!-- duration: 485ms -->
  </step><!-- duration: 960ms -->
  <step title="Outgoing response" date="2025-10-17T16:11:36.509" type="response" statusCode="202" statusText="Accepted" /><!-- duration: 4ms -->
</step><!-- duration: 1030ms -->
