<step title="Incoming Request" date="2025-10-23T16:30:26.410" instance="b65d95" url="/deploy?scmType=ExternalGit&amp;isAsync=true" method="POST" type="request" pid="823,1,17" Host="digital-signage-backend-fxeuazanh7cqd7d7.scm.eastus-01.azurewebsites.net" User-Agent="Azure-WebSites-Controller/105.0.7.86" Authorization="Bas..." Expect="100-continue" Content-Length="86" x-ms-request-id="ca6d8647-17bc-4fc9-bc9c-a8cb2cad7319" X-ARR-LOG-ID="ca6d8647-17bc-4fc9-bc9c-a8cb2cad7319" CLIENT-IP="40.71.11.169:19906" X-SITE-DEPLOYMENT-ID="Digital-Signage-Backend" WAS-DEFAULT-HOSTNAME="digital-signage-backend-fxeuazanh7cqd7d7.scm.eastus-01.azurewebsites.net" X-MS-PLATFORM-INTERNAL="True" X-Forwarded-Proto="https" X-AppService-Proto="https" X-Forwarded-TlsVersion="1.3" X-WAWS-Unencoded-URL="/deploy?scmType=ExternalGit&amp;isAsync=true" X-Client-IP="40.71.11.169" X-Client-Port="19906" >
  <step title="Cleanup Xml Logs" date="2025-10-23T16:30:26.416" >
    <step title="Cleanup Infos" date="2025-10-23T16:30:26.427" totalFiles="262" totalCleanup="102" /><!-- duration: 7ms -->
  </step><!-- duration: 22ms -->
  <step title="FetchHandler" date="2025-10-23T16:30:26.454" >
    <step title="Executing external process" date="2025-10-23T16:30:26.516" type="process" path="git" arguments="rev-parse --git-dir" /><!-- duration: 44ms -->
    <step title="Executing external process" date="2025-10-23T16:30:26.564" type="process" path="git" arguments="rev-parse --git-dir" /><!-- duration: 14ms -->
    <step title="Executing external process" date="2025-10-23T16:30:26.590" type="process" path="git" arguments="log -n 1 main --" /><!-- duration: 145ms -->
    <step title="Start deployment in the background" date="2025-10-23T16:30:26.741" >
      <step title="Executing external process" date="2025-10-23T16:30:26.785" type="process" path="git" arguments="rev-parse --git-dir" /><!-- duration: 46ms -->
      <step title="Executing external process" date="2025-10-23T16:30:26.842" type="process" path="git" arguments="rev-parse --git-dir" /><!-- duration: 31ms -->
      <step title="Executing external process" date="2025-10-23T16:30:26.884" type="process" path="git" arguments="log -n 1 main --" /><!-- duration: 60ms -->
      <step title="Acquiring Deployment Lock" date="2025-10-23T16:30:26.954" /><!-- duration: 20ms -->
      <step title="Acquired Deployment Lock" date="2025-10-23T16:30:27.010" /><!-- duration: 4ms -->
    </step><!-- duration: 424ms -->
  </step><!-- duration: 714ms -->
  <step title="Outgoing response" date="2025-10-23T16:30:27.173" type="response" statusCode="202" statusText="Accepted" /><!-- duration: 4ms -->
</step><!-- duration: 771ms -->
