<step title="Incoming Request" date="2025-10-17T16:41:54.246" instance="37c775" url="/deploy?scmType=ExternalGit&amp;isAsync=true" method="POST" type="request" pid="827,1,19" Host="digital-signage-backend-fxeuazanh7cqd7d7.scm.eastus-01.azurewebsites.net" User-Agent="Azure-WebSites-Controller/105.0.7.86" Authorization="Bas..." Expect="100-continue" Content-Length="86" x-ms-request-id="a1572a06-9453-4731-b78c-2438fc888d36" X-ARR-LOG-ID="a1572a06-9453-4731-b78c-2438fc888d36" CLIENT-IP="40.71.11.169:19906" X-SITE-DEPLOYMENT-ID="Digital-Signage-Backend" WAS-DEFAULT-HOSTNAME="digital-signage-backend-fxeuazanh7cqd7d7.scm.eastus-01.azurewebsites.net" X-MS-PLATFORM-INTERNAL="True" X-Forwarded-Proto="https" X-AppService-Proto="https" X-Forwarded-TlsVersion="1.3" X-WAWS-Unencoded-URL="/deploy?scmType=ExternalGit&amp;isAsync=true" X-Client-IP="40.71.11.169" X-Client-Port="19906" >
  <step title="Cleanup Xml Logs" date="2025-10-17T16:41:54.265" /><!-- duration: 93ms -->
  <step title="FetchHandler" date="2025-10-17T16:41:54.375" >
    <step title="Executing external process" date="2025-10-17T16:41:54.556" type="process" path="git" arguments="rev-parse --git-dir" /><!-- duration: 80ms -->
    <step title="Executing external process" date="2025-10-17T16:41:54.676" type="process" path="git" arguments="rev-parse --git-dir" /><!-- duration: 41ms -->
    <step title="Executing external process" date="2025-10-17T16:41:54.721" type="process" path="git" arguments="log -n 1 main --" /><!-- duration: 118ms -->
    <step title="Start deployment in the background" date="2025-10-17T16:41:54.848" >
      <step title="Executing external process" date="2025-10-17T16:41:54.871" type="process" path="git" arguments="rev-parse --git-dir" /><!-- duration: 29ms -->
      <step title="Executing external process" date="2025-10-17T16:41:54.904" type="process" path="git" arguments="rev-parse --git-dir" /><!-- duration: 17ms -->
      <step title="Executing external process" date="2025-10-17T16:41:54.925" type="process" path="git" arguments="log -n 1 main --" /><!-- duration: 61ms -->
      <step title="Acquiring Deployment Lock" date="2025-10-17T16:41:54.998" /><!-- duration: 5ms -->
      <step title="Acquired Deployment Lock" date="2025-10-17T16:41:55.033" /><!-- duration: 4ms -->
    </step><!-- duration: 358ms -->
  </step><!-- duration: 836ms -->
  <step title="Outgoing response" date="2025-10-17T16:41:55.216" type="response" statusCode="202" statusText="Accepted" /><!-- duration: 11ms -->
</step><!-- duration: 984ms -->
