<step title="Incoming Request" date="2025-10-24T13:08:30.413" instance="875718" url="/deploy?scmType=ExternalGit&amp;isAsync=true" method="POST" type="request" pid="825,1,53" Host="digital-signage-backend-fxeuazanh7cqd7d7.scm.eastus-01.azurewebsites.net" User-Agent="Azure-WebSites-Controller/105.0.7.86" Authorization="Bas..." Expect="100-continue" Content-Length="86" x-ms-request-id="58565558-4079-4867-b266-877dccf75616" X-ARR-LOG-ID="58565558-4079-4867-b266-877dccf75616" CLIENT-IP="40.71.11.169:24834" X-SITE-DEPLOYMENT-ID="Digital-Signage-Backend" WAS-DEFAULT-HOSTNAME="digital-signage-backend-fxeuazanh7cqd7d7.scm.eastus-01.azurewebsites.net" X-MS-PLATFORM-INTERNAL="True" X-Forwarded-Proto="https" X-AppService-Proto="https" X-Forwarded-TlsVersion="1.3" X-WAWS-Unencoded-URL="/deploy?scmType=ExternalGit&amp;isAsync=true" X-Client-IP="40.71.11.169" X-Client-Port="24834" >
  <step title="Cleanup Xml Logs" date="2025-10-24T13:08:30.488" >
    <step title="Cleanup Infos" date="2025-10-24T13:08:30.507" totalFiles="339" totalCleanup="179" /><!-- duration: 14ms -->
  </step><!-- duration: 44ms -->
  <step title="FetchHandler" date="2025-10-24T13:08:30.754" >
    <step title="Executing external process" date="2025-10-24T13:08:33.224" type="process" path="git" arguments="rev-parse --git-dir" /><!-- duration: 341ms -->
    <step title="Executing external process" date="2025-10-24T13:08:33.585" type="process" path="git" arguments="rev-parse --git-dir" /><!-- duration: 41ms -->
    <step title="Executing external process" date="2025-10-24T13:08:33.656" type="process" path="git" arguments="log -n 1 main --" /><!-- duration: 355ms -->
    <step title="Start deployment in the background" date="2025-10-24T13:08:34.160" >
      <step title="Executing external process" date="2025-10-24T13:08:35.376" type="process" path="git" arguments="rev-parse --git-dir" /><!-- duration: 304ms -->
      <step title="Executing external process" date="2025-10-24T13:08:35.743" type="process" path="git" arguments="rev-parse --git-dir" /><!-- duration: 37ms -->
      <step title="Executing external process" date="2025-10-24T13:08:35.801" type="process" path="git" arguments="log -n 1 main --" /><!-- duration: 120ms -->
      <step title="Acquiring Deployment Lock" date="2025-10-24T13:08:35.941" /><!-- duration: 9ms -->
      <step title="Acquired Deployment Lock" date="2025-10-24T13:08:37.373" /><!-- duration: 7ms -->
    </step><!-- duration: 3472ms -->
  </step><!-- duration: 6903ms -->
  <step title="Outgoing response" date="2025-10-24T13:08:37.669" type="response" statusCode="202" statusText="Accepted" /><!-- duration: 7ms -->
</step><!-- duration: 7268ms -->
