<step title="Incoming Request" date="2025-10-14T17:41:12.413" instance="37c775" url="/deploy?scmType=ExternalGit&amp;isAsync=true" method="POST" type="request" pid="823,1,16" Host="digital-signage-backend-fxeuazanh7cqd7d7.scm.eastus-01.azurewebsites.net" User-Agent="Azure-WebSites-Controller/105.0.7.86" Authorization="Bas..." Expect="100-continue" Content-Length="86" x-ms-request-id="43602f34-40f8-4ebb-99a2-fbb0f5888a1d" X-ARR-LOG-ID="43602f34-40f8-4ebb-99a2-fbb0f5888a1d" CLIENT-IP="40.71.11.169:24832" X-SITE-DEPLOYMENT-ID="Digital-Signage-Backend" WAS-DEFAULT-HOSTNAME="digital-signage-backend-fxeuazanh7cqd7d7.scm.eastus-01.azurewebsites.net" X-MS-PLATFORM-INTERNAL="True" X-Forwarded-Proto="https" X-AppService-Proto="https" X-Forwarded-TlsVersion="1.3" X-WAWS-Unencoded-URL="/deploy?scmType=ExternalGit&amp;isAsync=true" X-Client-IP="40.71.11.169" X-Client-Port="24832" >
  <step title="Cleanup Xml Logs" date="2025-10-14T17:41:12.425" /><!-- duration: 37ms -->
  <step title="FetchHandler" date="2025-10-14T17:41:12.503" >
    <step title="Executing external process" date="2025-10-14T17:41:12.696" type="process" path="git" arguments="rev-parse --git-dir" /><!-- duration: 834ms -->
    <step title="Executing external process" date="2025-10-14T17:41:13.609" type="process" path="git" arguments="rev-parse --git-dir" /><!-- duration: 92ms -->
    <step title="Executing external process" date="2025-10-14T17:41:13.731" type="process" path="git" arguments="log -n 1 main --" /><!-- duration: 381ms -->
    <step title="Start deployment in the background" date="2025-10-14T17:41:14.143" >
      <step title="Executing external process" date="2025-10-14T17:41:14.274" type="process" path="git" arguments="rev-parse --git-dir" /><!-- duration: 158ms -->
      <step title="Executing external process" date="2025-10-14T17:41:14.454" type="process" path="git" arguments="rev-parse --git-dir" /><!-- duration: 60ms -->
      <step title="Executing external process" date="2025-10-14T17:41:14.533" type="process" path="git" arguments="log -n 1 main --" /><!-- duration: 424ms -->
      <step title="Acquiring Deployment Lock" date="2025-10-14T17:41:14.977" /><!-- duration: 38ms -->
      <step title="Acquired Deployment Lock" date="2025-10-14T17:41:15.137" /><!-- duration: 20ms -->
    </step><!-- duration: 1367ms -->
  </step><!-- duration: 3036ms -->
  <step title="Outgoing response" date="2025-10-14T17:41:15.588" type="response" statusCode="202" statusText="Accepted" /><!-- duration: 12ms -->
</step><!-- duration: 3228ms -->
