<step title="Incoming Request" date="2025-10-21T19:14:48.228" instance="37c775" url="/deploy?scmType=ExternalGit&amp;isAsync=true" method="POST" type="request" pid="827,1,38" Host="digital-signage-backend-fxeuazanh7cqd7d7.scm.eastus-01.azurewebsites.net" User-Agent="Azure-WebSites-Controller/105.0.7.86" Authorization="Bas..." Expect="100-continue" Content-Length="86" x-ms-request-id="f3daf85f-d33d-462d-aacd-e50f9db28a26" X-ARR-LOG-ID="f3daf85f-d33d-462d-aacd-e50f9db28a26" CLIENT-IP="40.71.11.169:24832" X-SITE-DEPLOYMENT-ID="Digital-Signage-Backend" WAS-DEFAULT-HOSTNAME="digital-signage-backend-fxeuazanh7cqd7d7.scm.eastus-01.azurewebsites.net" X-MS-PLATFORM-INTERNAL="True" X-Forwarded-Proto="https" X-AppService-Proto="https" X-Forwarded-TlsVersion="1.3" X-WAWS-Unencoded-URL="/deploy?scmType=ExternalGit&amp;isAsync=true" X-Client-IP="40.71.11.169" X-Client-Port="24832" >
  <step title="Cleanup Xml Logs" date="2025-10-21T19:14:48.248" >
    <step title="Cleanup Infos" date="2025-10-21T19:14:48.280" totalFiles="222" totalCleanup="62" /><!-- duration: 24ms -->
  </step><!-- duration: 66ms -->
  <step title="FetchHandler" date="2025-10-21T19:14:48.358" >
    <step title="Executing external process" date="2025-10-21T19:14:48.614" type="process" path="git" arguments="rev-parse --git-dir" /><!-- duration: 213ms -->
    <step title="Executing external process" date="2025-10-21T19:14:48.930" type="process" path="git" arguments="rev-parse --git-dir" /><!-- duration: 82ms -->
    <step title="Executing external process" date="2025-10-21T19:14:49.042" type="process" path="git" arguments="log -n 1 main --" /><!-- duration: 760ms -->
    <step title="Start deployment in the background" date="2025-10-21T19:14:49.855" >
      <step title="Executing external process" date="2025-10-21T19:14:50.038" type="process" path="git" arguments="rev-parse --git-dir" /><!-- duration: 40ms -->
      <step title="Executing external process" date="2025-10-21T19:14:50.110" type="process" path="git" arguments="rev-parse --git-dir" /><!-- duration: 85ms -->
      <step title="Executing external process" date="2025-10-21T19:14:50.204" type="process" path="git" arguments="log -n 1 main --" /><!-- duration: 143ms -->
      <step title="Acquiring Deployment Lock" date="2025-10-21T19:14:50.356" /><!-- duration: 4ms -->
      <step title="Acquired Deployment Lock" date="2025-10-21T19:14:50.424" /><!-- duration: 7ms -->
    </step><!-- duration: 755ms -->
  </step><!-- duration: 2262ms -->
  <step title="Outgoing response" date="2025-10-21T19:14:50.629" type="response" statusCode="202" statusText="Accepted" /><!-- duration: 7ms -->
</step><!-- duration: 2413ms -->
