<step title="Incoming Request" date="2025-10-21T17:16:34.802" instance="37c775" url="/deploy?scmType=ExternalGit&amp;isAsync=true" method="POST" type="request" pid="827,1,39" Host="digital-signage-backend-fxeuazanh7cqd7d7.scm.eastus-01.azurewebsites.net" User-Agent="Azure-WebSites-Controller/105.0.7.86" Authorization="Bas..." Expect="100-continue" Content-Length="86" x-ms-request-id="39982853-0071-4071-aecd-3cc98e3ebe9d" X-ARR-LOG-ID="39982853-0071-4071-aecd-3cc98e3ebe9d" CLIENT-IP="40.71.11.169:15749" X-SITE-DEPLOYMENT-ID="Digital-Signage-Backend" WAS-DEFAULT-HOSTNAME="digital-signage-backend-fxeuazanh7cqd7d7.scm.eastus-01.azurewebsites.net" X-MS-PLATFORM-INTERNAL="True" X-Forwarded-Proto="https" X-AppService-Proto="https" X-Forwarded-TlsVersion="1.3" X-WAWS-Unencoded-URL="/deploy?scmType=ExternalGit&amp;isAsync=true" X-Client-IP="40.71.11.169" X-Client-Port="15749" >
  <step title="Cleanup Xml Logs" date="2025-10-21T17:16:34.841" >
    <step title="Cleanup Infos" date="2025-10-21T17:16:34.870" totalFiles="214" totalCleanup="54" /><!-- duration: 19ms -->
  </step><!-- duration: 55ms -->
  <step title="FetchHandler" date="2025-10-21T17:16:34.928" >
    <step title="Executing external process" date="2025-10-21T17:16:35.079" type="process" path="git" arguments="rev-parse --git-dir" /><!-- duration: 137ms -->
    <step title="Executing external process" date="2025-10-21T17:16:35.227" type="process" path="git" arguments="rev-parse --git-dir" /><!-- duration: 60ms -->
    <step title="Executing external process" date="2025-10-21T17:16:35.296" type="process" path="git" arguments="log -n 1 main --" /><!-- duration: 146ms -->
    <step title="Start deployment in the background" date="2025-10-21T17:16:35.492" >
      <step title="Executing external process" date="2025-10-21T17:16:35.632" type="process" path="git" arguments="rev-parse --git-dir" /><!-- duration: 44ms -->
      <step title="Executing external process" date="2025-10-21T17:16:35.688" type="process" path="git" arguments="rev-parse --git-dir" /><!-- duration: 66ms -->
      <step title="Executing external process" date="2025-10-21T17:16:35.787" type="process" path="git" arguments="log -n 1 main --" /><!-- duration: 134ms -->
      <step title="Acquiring Deployment Lock" date="2025-10-21T17:16:35.957" /><!-- duration: 13ms -->
      <step title="Acquired Deployment Lock" date="2025-10-21T17:16:36.051" /><!-- duration: 4ms -->
    </step><!-- duration: 715ms -->
  </step><!-- duration: 1285ms -->
  <step title="Outgoing response" date="2025-10-21T17:16:36.216" type="response" statusCode="202" statusText="Accepted" /><!-- duration: 4ms -->
</step><!-- duration: 1421ms -->
