<step title="BackgroundTrace" date="2025-10-23T15:27:27.930" instance="37c775" url="/deploy" method="POST" >
  <step title="Creating temporary deployment - FetchDeploymentManager" date="2025-10-23T15:27:28.214" /><!-- duration: 4ms -->
  <step title="Creating temporary deployment" date="2025-10-23T15:27:28.233" /><!-- duration: 118ms -->
  <step title="Performing fetch based deployment" date="2025-10-23T15:27:28.678" >
    <step title="Deployment timer started" date="2025-10-23T15:27:55.717" >
      <step title="DeploymentManager.Deploy(id:80462e3f2f46e1c0c488fdcc87bc627fef992a51)" date="2025-10-23T15:27:55.745" >
        <step title="Collecting changeset information" date="2025-10-23T15:27:55.809" /><!-- duration: 221ms -->
        <step title="Updating submodules" date="2025-10-23T15:27:56.039" /><!-- duration: 1178ms -->
        <step title="Determining deployment builder" date="2025-10-23T15:27:57.550" >
          <step title="Builder is OryxBuilder" date="2025-10-23T15:27:57.598" /><!-- duration: 6ms -->
        </step><!-- duration: 77ms -->
        <step title="PreDeployment: context.CleanOutputPath False" date="2025-10-23T15:27:57.705" >
          <step title="PreDeployment: context.OutputPath /home/site/wwwroot" date="2025-10-23T15:27:57.859" >
            <step title="Building" date="2025-10-23T15:27:58.145" >
              <step title="Executing external process" date="2025-10-23T15:27:58.695" type="process" path="bash" arguments="-c &quot;oryx build /home/site/repository -o /home/site/wwwroot --platform nodejs --platform-version 22 -p virtualenv_name= --log-file /tmp/build-debug.log  -i /tmp/8de1248be84112d -p compress_node_modules=tar-gz | tee /tmp/oryx-build.log ; exit $PIPESTATUS &quot;" >
                <step title="Cpu: npm install(110475,16.420s)+build.sh(110368,0.050s)+oryx(110345,10.410s)+tee(110346,0.000s)+bash(110344,0.010s)=total(26.040s)" date="2025-10-23T15:33:45.474" /><!-- duration: 20226ms -->
                <step title="bash: no io activity for 60s, prev-cpu=-1.000s, current-cpu=26.040s" date="2025-10-23T15:35:08.754" /><!-- duration: 24787ms -->
                <step title="Cpu: npm install(110475,17.400s)+build.sh(110368,0.050s)+oryx(110345,13.610s)+tee(110346,0.000s)+bash(110344,0.010s)=total(30.850s)" date="2025-10-23T15:39:59.561" /><!-- duration: 27412ms -->
                <step title="bash: no io activity for 459s, prev-cpu=26.040s, current-cpu=30.850s" date="2025-10-23T15:41:23.203" /><!-- duration: 21356ms -->
