<step title="Incoming Request" date="2025-10-23T17:28:26.725" instance="b65d95" url="/deploy?scmType=ExternalGit&amp;isAsync=true" method="POST" type="request" pid="823,1,45" Host="digital-signage-backend-fxeuazanh7cqd7d7.scm.eastus-01.azurewebsites.net" User-Agent="Azure-WebSites-Controller/105.0.7.86" Authorization="Bas..." Expect="100-continue" Content-Length="86" x-ms-request-id="f3266352-0bbc-44dd-8611-0ae8ab46666f" X-ARR-LOG-ID="f3266352-0bbc-44dd-8611-0ae8ab46666f" CLIENT-IP="40.71.11.169:18976" X-SITE-DEPLOYMENT-ID="Digital-Signage-Backend" WAS-DEFAULT-HOSTNAME="digital-signage-backend-fxeuazanh7cqd7d7.scm.eastus-01.azurewebsites.net" X-MS-PLATFORM-INTERNAL="True" X-Forwarded-Proto="https" X-AppService-Proto="https" X-Forwarded-TlsVersion="1.3" X-WAWS-Unencoded-URL="/deploy?scmType=ExternalGit&amp;isAsync=true" X-Client-IP="40.71.11.169" X-Client-Port="18976" >
  <step title="Cleanup Xml Logs" date="2025-10-23T17:28:26.744" >
    <step title="Cleanup Infos" date="2025-10-23T17:28:26.777" totalFiles="267" totalCleanup="107" /><!-- duration: 10ms -->
  </step><!-- duration: 50ms -->
  <step title="FetchHandler" date="2025-10-23T17:28:26.907" >
    <step title="Executing external process" date="2025-10-23T17:28:27.214" type="process" path="git" arguments="rev-parse --git-dir" /><!-- duration: 82ms -->
    <step title="Executing external process" date="2025-10-23T17:28:27.307" type="process" path="git" arguments="rev-parse --git-dir" /><!-- duration: 17ms -->
    <step title="Executing external process" date="2025-10-23T17:28:27.332" type="process" path="git" arguments="log -n 1 main --" /><!-- duration: 147ms -->
    <step title="Start deployment in the background" date="2025-10-23T17:28:27.490" >
      <step title="Executing external process" date="2025-10-23T17:28:27.550" type="process" path="git" arguments="rev-parse --git-dir" /><!-- duration: 20ms -->
      <step title="Executing external process" date="2025-10-23T17:28:27.578" type="process" path="git" arguments="rev-parse --git-dir" /><!-- duration: 77ms -->
      <step title="Executing external process" date="2025-10-23T17:28:27.663" type="process" path="git" arguments="log -n 1 main --" /><!-- duration: 34ms -->
      <step title="Acquiring Deployment Lock" date="2025-10-23T17:28:27.709" /><!-- duration: 14ms -->
      <step title="Acquired Deployment Lock" date="2025-10-23T17:28:27.779" /><!-- duration: 6ms -->
    </step><!-- duration: 441ms -->
  </step><!-- duration: 1031ms -->
  <step title="Outgoing response" date="2025-10-23T17:28:27.942" type="response" statusCode="202" statusText="Accepted" /><!-- duration: 4ms -->
</step><!-- duration: 1226ms -->
