<step title="BackgroundTrace" date="2025-10-17T16:31:24.174" instance="37c775" url="/deploy" method="POST" >
  <step title="Creating temporary deployment - FetchDeploymentManager" date="2025-10-17T16:31:24.373" /><!-- duration: 4ms -->
  <step title="Creating temporary deployment" date="2025-10-17T16:31:24.381" /><!-- duration: 81ms -->
  <step title="Performing fetch based deployment" date="2025-10-17T16:31:24.627" >
    <step title="Deployment timer started" date="2025-10-17T16:31:43.056" >
      <step title="DeploymentManager.Deploy(id:da5e8da2f6f04351418ac3bf2c468c1a73108d6a)" date="2025-10-17T16:31:43.066" >
        <step title="Collecting changeset information" date="2025-10-17T16:31:43.136" /><!-- duration: 211ms -->
        <step title="Updating submodules" date="2025-10-17T16:31:43.353" /><!-- duration: 1135ms -->
        <step title="Determining deployment builder" date="2025-10-17T16:31:44.767" >
          <step title="Builder is OryxBuilder" date="2025-10-17T16:31:44.774" /><!-- duration: 30ms -->
        </step><!-- duration: 49ms -->
        <step title="PreDeployment: context.CleanOutputPath False" date="2025-10-17T16:31:44.893" >
          <step title="PreDeployment: context.OutputPath /home/site/wwwroot" date="2025-10-17T16:31:45.030" >
            <step title="Building" date="2025-10-17T16:31:45.220" >
              <step title="Executing external process" date="2025-10-17T16:31:45.551" type="process" path="bash" arguments="-c &quot;oryx build /home/site/repository -o /home/site/wwwroot --platform nodejs --platform-version 22 -p virtualenv_name= --log-file /tmp/build-debug.log  -i /tmp/8de0d9aa9370172 -p compress_node_modules=tar-gz | tee /tmp/oryx-build.log ; exit $PIPESTATUS &quot;" >
                <step title="Process dump" date="2025-10-17T16:34:46.432" exitCode="2" type="processOutput" /><!-- duration: 41ms -->
              </step><!-- duration: 180964ms -->
              <step title="Error occurred" date="2025-10-17T16:34:46.612" type="error" text="npm warn deprecated inflight@1.0.6: This module is not supported, and leaks memory. Do not use it. Check out lru-cache if you want a good and tested way to coalesce async requests by a key value, which is much more comprehensive and powerful.
npm warn deprecated npmlog@5.0.1: This package is no longer supported.
npm warn deprecated lodash.get@4.4.2: This package is deprecated. Use the optional chaining (?.) operator instead.
npm warn deprecated lodash.isequal@4.5.0: This package is deprecated. Use require(&apos;node:util&apos;).isDeepStrictEqual instead.
npm warn deprecated rimraf@3.0.2: Rimraf versions prior to v4 are no longer supported
npm warn deprecated glob@7.2.3: Glob versions prior to v9 are no longer supported
npm warn deprecated glob@7.1.6: Glob versions prior to v9 are no longer supported
npm warn deprecated are-we-there-yet@2.0.0: This package is no longer supported.
npm warn deprecated gauge@3.0.2: This package is no longer supported.
npm warn deprecated multer@1.4.5-lts.2: Multer 1.x is impacted by a number of vulnerabilities, which have been patched in 2.x. You should upgrade to the latest 2.x version.
/bin/bash -c &quot;oryx build /home/site/repository -o /home/site/wwwroot --platform nodejs --platform-version 22 -p virtualenv_name= --log-file /tmp/build-debug.log  -i /tmp/8de0d9aa9370172 -p compress_node_modules=tar-gz | tee /tmp/oryx-build.log ; exit $PIPESTATUS &quot;" stackTrace="   at Kudu.Core.Infrastructure.Executable.ExecuteInternal(ITracer tracer, Func`2 onWriteOutput, Func`2 onWriteError, CancellationToken token, Encoding encoding, String arguments, Object[] args) in /tmp/KuduLite/Kudu.Core/Infrastructure/Executable.cs:line 239
   at Kudu.Core.Infrastructure.Executable.ExecuteWithProgressWriter(ILogger logger, ITracer tracer, CancellationToken token, String arguments, Object[] args) in /tmp/KuduLite/Kudu.Core/Infrastructure/Executable.cs:line 118
   at Kudu.Core.Deployment.Generator.ExternalCommandBuilder.RunCommand(DeploymentContext context, String command, Boolean ignoreManifest, CancellationToken token, String message) in /tmp/KuduLite/Kudu.Core/Deployment/Generator/ExternalCommandBuilder.cs:line 122" /><!-- duration: 6ms -->
              <step title="Error occurred" date="2025-10-17T16:34:46.754" type="error" text="npm warn deprecated inflight@1.0.6: This module is not supported, and leaks memory. Do not use it. Check out lru-cache if you want a good and tested way to coalesce async requests by a key value, which is much more comprehensive and powerful.
npm warn deprecated npmlog@5.0.1: This package is no longer supported.
npm warn deprecated lodash.get@4.4.2: This package is deprecated. Use the optional chaining (?.) operator instead.
npm warn deprecated lodash.isequal@4.5.0: This package is deprecated. Use require(&apos;node:util&apos;).isDeepStrictEqual instead.
npm warn deprecated rimraf@3.0.2: Rimraf versions prior to v4 are no longer supported
npm warn deprecated glob@7.2.3: Glob versions prior to v9 are no longer supported
npm warn deprecated glob@7.1.6: Glob versions prior to v9 are no longer supported
npm warn deprecated are-we-there-yet@2.0.0: This package is no longer supported.
npm warn deprecated gauge@3.0.2: This package is no longer supported.
npm warn deprecated multer@1.4.5-lts.2: Multer 1.x is impacted by a number of vulnerabilities, which have been patched in 2.x. You should upgrade to the latest 2.x version.
/bin/bash -c &quot;oryx build /home/site/repository -o /home/site/wwwroot --platform nodejs --platform-version 22 -p virtualenv_name= --log-file /tmp/build-debug.log  -i /tmp/8de0d9aa9370172 -p compress_node_modules=tar-gz | tee /tmp/oryx-build.log ; exit $PIPESTATUS &quot;" stackTrace="   at Kudu.Core.Infrastructure.Executable.ExecuteInternal(ITracer tracer, Func`2 onWriteOutput, Func`2 onWriteError, CancellationToken token, Encoding encoding, String arguments, Object[] args) in /tmp/KuduLite/Kudu.Core/Infrastructure/Executable.cs:line 239
   at Kudu.Core.Infrastructure.Executable.ExecuteWithProgressWriter(ILogger logger, ITracer tracer, CancellationToken token, String arguments, Object[] args) in /tmp/KuduLite/Kudu.Core/Infrastructure/Executable.cs:line 118
   at Kudu.Core.Deployment.Generator.ExternalCommandBuilder.RunCommand(DeploymentContext context, String command, Boolean ignoreManifest, CancellationToken token, String message) in /tmp/KuduLite/Kudu.Core/Deployment/Generator/ExternalCommandBuilder.cs:line 122
   at Kudu.Core.Deployment.Generator.OryxBuilder.RunBuildCommand(IOryxArguments args, DeploymentContext context, CancellationToken token) in /tmp/KuduLite/Kudu.Core/Deployment/Generator/OryxBuilder.cs:line 295
   at Kudu.Core.Deployment.Generator.OryxBuilder.Build(DeploymentContext context, CancellationToken token) in /tmp/KuduLite/Kudu.Core/Deployment/Generator/OryxBuilder.cs:line 136
   at Kudu.Core.Deployment.DeploymentManager.Build(ChangeSet changeSet, ITracer tracer, IDisposable deployStep, IRepository repository, DeploymentInfoBase deploymentInfo, DeploymentAnalytics deploymentAnalytics, Boolean fullBuildByDefault, CancellationToken cancellationToken) in /tmp/KuduLite/Kudu.Core/Deployment/DeploymentManager.cs:line 771" /><!-- duration: 10ms -->
              <step title="Using GenericDeploymentLogParser" date="2025-10-17T16:34:47.602" /><!-- duration: 32ms -->
              <step title="Purge deployment items" date="2025-10-17T16:34:51.256" >
                <step title="Remove b6765654a, Failed, received at 10/17/2025 16:22:44" date="2025-10-17T16:34:51.427" /><!-- duration: 4ms -->
              </step><!-- duration: 184ms -->
            </step><!-- duration: 186258ms -->
          </step><!-- duration: 186488ms -->
          <step title="Error occurred" date="2025-10-17T16:34:51.527" type="error" text="npm warn deprecated inflight@1.0.6: This module is not supported, and leaks memory. Do not use it. Check out lru-cache if you want a good and tested way to coalesce async requests by a key value, which is much more comprehensive and powerful.
npm warn deprecated npmlog@5.0.1: This package is no longer supported.
npm warn deprecated lodash.get@4.4.2: This package is deprecated. Use the optional chaining (?.) operator instead.
npm warn deprecated lodash.isequal@4.5.0: This package is deprecated. Use require(&apos;node:util&apos;).isDeepStrictEqual instead.
npm warn deprecated rimraf@3.0.2: Rimraf versions prior to v4 are no longer supported
npm warn deprecated glob@7.2.3: Glob versions prior to v9 are no longer supported
npm warn deprecated glob@7.1.6: Glob versions prior to v9 are no longer supported
npm warn deprecated are-we-there-yet@2.0.0: This package is no longer supported.
npm warn deprecated gauge@3.0.2: This package is no longer supported.
npm warn deprecated multer@1.4.5-lts.2: Multer 1.x is impacted by a number of vulnerabilities, which have been patched in 2.x. You should upgrade to the latest 2.x version.
/bin/bash -c &quot;oryx build /home/site/repository -o /home/site/wwwroot --platform nodejs --platform-version 22 -p virtualenv_name= --log-file /tmp/build-debug.log  -i /tmp/8de0d9aa9370172 -p compress_node_modules=tar-gz | tee /tmp/oryx-build.log ; exit $PIPESTATUS &quot;" stackTrace="   at Kudu.Core.Infrastructure.Executable.ExecuteInternal(ITracer tracer, Func`2 onWriteOutput, Func`2 onWriteError, CancellationToken token, Encoding encoding, String arguments, Object[] args) in /tmp/KuduLite/Kudu.Core/Infrastructure/Executable.cs:line 239
   at Kudu.Core.Infrastructure.Executable.ExecuteWithProgressWriter(ILogger logger, ITracer tracer, CancellationToken token, String arguments, Object[] args) in /tmp/KuduLite/Kudu.Core/Infrastructure/Executable.cs:line 118
   at Kudu.Core.Deployment.Generator.ExternalCommandBuilder.RunCommand(DeploymentContext context, String command, Boolean ignoreManifest, CancellationToken token, String message) in /tmp/KuduLite/Kudu.Core/Deployment/Generator/ExternalCommandBuilder.cs:line 122
   at Kudu.Core.Deployment.Generator.OryxBuilder.RunBuildCommand(IOryxArguments args, DeploymentContext context, CancellationToken token) in /tmp/KuduLite/Kudu.Core/Deployment/Generator/OryxBuilder.cs:line 295
   at Kudu.Core.Deployment.Generator.OryxBuilder.Build(DeploymentContext context, CancellationToken token) in /tmp/KuduLite/Kudu.Core/Deployment/Generator/OryxBuilder.cs:line 136
   at Kudu.Core.Deployment.DeploymentManager.Build(ChangeSet changeSet, ITracer tracer, IDisposable deployStep, IRepository repository, DeploymentInfoBase deploymentInfo, DeploymentAnalytics deploymentAnalytics, Boolean fullBuildByDefault, CancellationToken cancellationToken) in /tmp/KuduLite/Kudu.Core/Deployment/DeploymentManager.cs:line 771
   at Kudu.Core.Deployment.DeploymentManager.Build(ChangeSet changeSet, ITracer tracer, IDisposable deployStep, IRepository repository, DeploymentInfoBase deploymentInfo, DeploymentAnalytics deploymentAnalytics, Boolean fullBuildByDefault, CancellationToken cancellationToken) in /tmp/KuduLite/Kudu.Core/Deployment/DeploymentManager.cs:line 840" /><!-- duration: 10ms -->
          <step title="Cleaning up temp files" date="2025-10-17T16:34:51.680" /><!-- duration: 4753ms -->
          <step title="Cleaning up temp files" date="2025-10-17T16:34:56.440" /><!-- duration: 540ms -->
          <step title="Error occurred" date="2025-10-17T16:34:57.026" type="error" text="npm warn deprecated inflight@1.0.6: This module is not supported, and leaks memory. Do not use it. Check out lru-cache if you want a good and tested way to coalesce async requests by a key value, which is much more comprehensive and powerful.
npm warn deprecated npmlog@5.0.1: This package is no longer supported.
npm warn deprecated lodash.get@4.4.2: This package is deprecated. Use the optional chaining (?.) operator instead.
npm warn deprecated lodash.isequal@4.5.0: This package is deprecated. Use require(&apos;node:util&apos;).isDeepStrictEqual instead.
npm warn deprecated rimraf@3.0.2: Rimraf versions prior to v4 are no longer supported
npm warn deprecated glob@7.2.3: Glob versions prior to v9 are no longer supported
npm warn deprecated glob@7.1.6: Glob versions prior to v9 are no longer supported
npm warn deprecated are-we-there-yet@2.0.0: This package is no longer supported.
npm warn deprecated gauge@3.0.2: This package is no longer supported.
npm warn deprecated multer@1.4.5-lts.2: Multer 1.x is impacted by a number of vulnerabilities, which have been patched in 2.x. You should upgrade to the latest 2.x version.
/bin/bash -c &quot;oryx build /home/site/repository -o /home/site/wwwroot --platform nodejs --platform-version 22 -p virtualenv_name= --log-file /tmp/build-debug.log  -i /tmp/8de0d9aa9370172 -p compress_node_modules=tar-gz | tee /tmp/oryx-build.log ; exit $PIPESTATUS &quot;" stackTrace="   at Kudu.Core.Infrastructure.Executable.ExecuteInternal(ITracer tracer, Func`2 onWriteOutput, Func`2 onWriteError, CancellationToken token, Encoding encoding, String arguments, Object[] args) in /tmp/KuduLite/Kudu.Core/Infrastructure/Executable.cs:line 239
   at Kudu.Core.Infrastructure.Executable.ExecuteWithProgressWriter(ILogger logger, ITracer tracer, CancellationToken token, String arguments, Object[] args) in /tmp/KuduLite/Kudu.Core/Infrastructure/Executable.cs:line 118
   at Kudu.Core.Deployment.Generator.ExternalCommandBuilder.RunCommand(DeploymentContext context, String command, Boolean ignoreManifest, CancellationToken token, String message) in /tmp/KuduLite/Kudu.Core/Deployment/Generator/ExternalCommandBuilder.cs:line 122
   at Kudu.Core.Deployment.Generator.OryxBuilder.RunBuildCommand(IOryxArguments args, DeploymentContext context, CancellationToken token) in /tmp/KuduLite/Kudu.Core/Deployment/Generator/OryxBuilder.cs:line 295
   at Kudu.Core.Deployment.Generator.OryxBuilder.Build(DeploymentContext context, CancellationToken token) in /tmp/KuduLite/Kudu.Core/Deployment/Generator/OryxBuilder.cs:line 136
   at Kudu.Core.Deployment.DeploymentManager.Build(ChangeSet changeSet, ITracer tracer, IDisposable deployStep, IRepository repository, DeploymentInfoBase deploymentInfo, DeploymentAnalytics deploymentAnalytics, Boolean fullBuildByDefault, CancellationToken cancellationToken) in /tmp/KuduLite/Kudu.Core/Deployment/DeploymentManager.cs:line 771
   at Kudu.Core.Deployment.DeploymentManager.Build(ChangeSet changeSet, ITracer tracer, IDisposable deployStep, IRepository repository, DeploymentInfoBase deploymentInfo, DeploymentAnalytics deploymentAnalytics, Boolean fullBuildByDefault, CancellationToken cancellationToken) in /tmp/KuduLite/Kudu.Core/Deployment/DeploymentManager.cs:line 840
   at Kudu.Core.Deployment.DeploymentManager.DeployAsync(IRepository repository, ChangeSet changeSet, String deployer, Boolean clean, DeploymentInfoBase deploymentInfo, Boolean needFileUpdate, Boolean fullBuildByDefault) in /tmp/KuduLite/Kudu.Core/Deployment/DeploymentManager.cs:line 266" /><!-- duration: 4ms -->
        </step><!-- duration: 192140ms -->
        <step title="Reloading status file with latest updates" date="2025-10-17T16:34:57.096" >
          <step title="WebHooksManager.PublishEventAsync: PostDeployment" date="2025-10-17T16:34:57.158" /><!-- duration: 79ms -->
        </step><!-- duration: 145ms -->
        <step title="Error occurred" date="2025-10-17T16:34:57.260" type="error" text="npm warn deprecated inflight@1.0.6: This module is not supported, and leaks memory. Do not use it. Check out lru-cache if you want a good and tested way to coalesce async requests by a key value, which is much more comprehensive and powerful.
npm warn deprecated npmlog@5.0.1: This package is no longer supported.
npm warn deprecated lodash.get@4.4.2: This package is deprecated. Use the optional chaining (?.) operator instead.
npm warn deprecated lodash.isequal@4.5.0: This package is deprecated. Use require(&apos;node:util&apos;).isDeepStrictEqual instead.
npm warn deprecated rimraf@3.0.2: Rimraf versions prior to v4 are no longer supported
npm warn deprecated glob@7.2.3: Glob versions prior to v9 are no longer supported
npm warn deprecated glob@7.1.6: Glob versions prior to v9 are no longer supported
npm warn deprecated are-we-there-yet@2.0.0: This package is no longer supported.
npm warn deprecated gauge@3.0.2: This package is no longer supported.
npm warn deprecated multer@1.4.5-lts.2: Multer 1.x is impacted by a number of vulnerabilities, which have been patched in 2.x. You should upgrade to the latest 2.x version.
/bin/bash -c &quot;oryx build /home/site/repository -o /home/site/wwwroot --platform nodejs --platform-version 22 -p virtualenv_name= --log-file /tmp/build-debug.log  -i /tmp/8de0d9aa9370172 -p compress_node_modules=tar-gz | tee /tmp/oryx-build.log ; exit $PIPESTATUS &quot;" stackTrace="   at Kudu.Core.Infrastructure.Executable.ExecuteInternal(ITracer tracer, Func`2 onWriteOutput, Func`2 onWriteError, CancellationToken token, Encoding encoding, String arguments, Object[] args) in /tmp/KuduLite/Kudu.Core/Infrastructure/Executable.cs:line 239
   at Kudu.Core.Infrastructure.Executable.ExecuteWithProgressWriter(ILogger logger, ITracer tracer, CancellationToken token, String arguments, Object[] args) in /tmp/KuduLite/Kudu.Core/Infrastructure/Executable.cs:line 118
   at Kudu.Core.Deployment.Generator.ExternalCommandBuilder.RunCommand(DeploymentContext context, String command, Boolean ignoreManifest, CancellationToken token, String message) in /tmp/KuduLite/Kudu.Core/Deployment/Generator/ExternalCommandBuilder.cs:line 122
   at Kudu.Core.Deployment.Generator.OryxBuilder.RunBuildCommand(IOryxArguments args, DeploymentContext context, CancellationToken token) in /tmp/KuduLite/Kudu.Core/Deployment/Generator/OryxBuilder.cs:line 295
   at Kudu.Core.Deployment.Generator.OryxBuilder.Build(DeploymentContext context, CancellationToken token) in /tmp/KuduLite/Kudu.Core/Deployment/Generator/OryxBuilder.cs:line 136
   at Kudu.Core.Deployment.DeploymentManager.Build(ChangeSet changeSet, ITracer tracer, IDisposable deployStep, IRepository repository, DeploymentInfoBase deploymentInfo, DeploymentAnalytics deploymentAnalytics, Boolean fullBuildByDefault, CancellationToken cancellationToken) in /tmp/KuduLite/Kudu.Core/Deployment/DeploymentManager.cs:line 771
   at Kudu.Core.Deployment.DeploymentManager.Build(ChangeSet changeSet, ITracer tracer, IDisposable deployStep, IRepository repository, DeploymentInfoBase deploymentInfo, DeploymentAnalytics deploymentAnalytics, Boolean fullBuildByDefault, CancellationToken cancellationToken) in /tmp/KuduLite/Kudu.Core/Deployment/DeploymentManager.cs:line 840
   at Kudu.Core.Deployment.DeploymentManager.DeployAsync(IRepository repository, ChangeSet changeSet, String deployer, Boolean clean, DeploymentInfoBase deploymentInfo, Boolean needFileUpdate, Boolean fullBuildByDefault) in /tmp/KuduLite/Kudu.Core/Deployment/DeploymentManager.cs:line 266" /><!-- duration: 4ms -->
        <step title="Marking deployment as failed and cleaning up the temp deployment" date="2025-10-17T16:34:57.365" /><!-- duration: 6ms -->
      </step><!-- duration: 194435ms -->
      <step title="Error occurred" date="2025-10-17T16:34:57.559" type="error" text="One or more errors occurred. (Deployment failed)" stackTrace="   at System.Threading.Tasks.Task.ThrowIfExceptional(Boolean includeTaskCanceledExceptions)
   at System.Threading.Tasks.Task.Wait(Int32 millisecondsTimeout, CancellationToken cancellationToken)
   at System.Threading.Tasks.Task.Wait()
   at Kudu.Core.Deployment.FetchDeploymentManager.&lt;&gt;c__DisplayClass22_1.&lt;PerformBackgroundDeployment&gt;b__3() in /tmp/KuduLite/Kudu.Core/Deployment/FetchDeploymentManager.cs:line 414
   at Kudu.Contracts.Infrastructure.LockExtensions.TryLockOperation(IOperationLock lockObj, Action operation, String operationName, TimeSpan timeout) in /tmp/KuduLite/Kudu.Contracts/Infrastructure/LockExtensions.cs:line 34
   at Kudu.Contracts.Infrastructure.LockExtensions.LockOperation(IOperationLock lockObj, Action operation, String operationName, TimeSpan timeout) in /tmp/KuduLite/Kudu.Contracts/Infrastructure/LockExtensions.cs:line 46
   at Kudu.Core.Deployment.FetchDeploymentManager.&lt;&gt;c__DisplayClass22_0.&lt;PerformBackgroundDeployment&gt;b__1() in /tmp/KuduLite/Kudu.Core/Deployment/FetchDeploymentManager.cs:line 393" innerText="Deployment failed" innerStackTrace="   at Kudu.Core.Deployment.DeploymentManager.DeployAsync(IRepository repository, ChangeSet changeSet, String deployer, Boolean clean, DeploymentInfoBase deploymentInfo, Boolean needFileUpdate, Boolean fullBuildByDefault) in /tmp/KuduLite/Kudu.Core/Deployment/DeploymentManager.cs:line 307
   at Kudu.Core.Deployment.FetchDeploymentManager.PerformDeployment(DeploymentInfoBase deploymentInfo, IDisposable tempDeployment, ChangeSet tempChangeSet, DeployStatusApiResult updateStatusObj) in /tmp/KuduLite/Kudu.Core/Deployment/FetchDeploymentManager.cs:line 230" /><!-- duration: 12ms -->
    </step><!-- duration: 194614ms -->
