<step title="Incoming Request" date="2025-10-17T13:45:03.795" instance="37c775" url="/deploy?scmType=ExternalGit&amp;isAsync=true" method="POST" type="request" pid="823,1,102" Host="digital-signage-backend-fxeuazanh7cqd7d7.scm.eastus-01.azurewebsites.net" User-Agent="Azure-WebSites-Controller/105.0.7.86" Authorization="Bas..." Expect="100-continue" Content-Length="86" x-ms-request-id="8f9c0fe8-f2eb-40c6-97b0-e8aedd642cef" X-ARR-LOG-ID="8f9c0fe8-f2eb-40c6-97b0-e8aedd642cef" CLIENT-IP="40.71.11.169:18978" X-SITE-DEPLOYMENT-ID="Digital-Signage-Backend" WAS-DEFAULT-HOSTNAME="digital-signage-backend-fxeuazanh7cqd7d7.scm.eastus-01.azurewebsites.net" X-MS-PLATFORM-INTERNAL="True" X-Forwarded-Proto="https" X-AppService-Proto="https" X-Forwarded-TlsVersion="1.3" X-WAWS-Unencoded-URL="/deploy?scmType=ExternalGit&amp;isAsync=true" X-Client-IP="40.71.11.169" X-Client-Port="18978" >
  <step title="Cleanup Xml Logs" date="2025-10-17T13:45:03.812" /><!-- duration: 21ms -->
  <step title="FetchHandler" date="2025-10-17T13:45:03.923" >
    <step title="Executing external process" date="2025-10-17T13:45:04.132" type="process" path="git" arguments="rev-parse --git-dir" /><!-- duration: 104ms -->
    <step title="Executing external process" date="2025-10-17T13:45:04.255" type="process" path="git" arguments="rev-parse --git-dir" /><!-- duration: 43ms -->
    <step title="Executing external process" date="2025-10-17T13:45:04.314" type="process" path="git" arguments="log -n 1 main --" /><!-- duration: 147ms -->
    <step title="Start deployment in the background" date="2025-10-17T13:45:04.490" >
      <step title="Executing external process" date="2025-10-17T13:45:04.563" type="process" path="git" arguments="rev-parse --git-dir" /><!-- duration: 57ms -->
      <step title="Executing external process" date="2025-10-17T13:45:04.636" type="process" path="git" arguments="rev-parse --git-dir" /><!-- duration: 53ms -->
      <step title="Executing external process" date="2025-10-17T13:45:04.699" type="process" path="git" arguments="log -n 1 main --" /><!-- duration: 90ms -->
      <step title="Acquiring Deployment Lock" date="2025-10-17T13:45:04.809" /><!-- duration: 5ms -->
      <step title="Acquired Deployment Lock" date="2025-10-17T13:45:04.881" /><!-- duration: 5ms -->
    </step><!-- duration: 539ms -->
  </step><!-- duration: 1112ms -->
  <step title="Outgoing response" date="2025-10-17T13:45:05.041" type="response" statusCode="202" statusText="Accepted" /><!-- duration: 4ms -->
</step><!-- duration: 1256ms -->
