<step title="Incoming Request" date="2025-10-23T15:47:49.242" instance="b65d95" url="/deploy?scmType=ExternalGit&amp;isAsync=true" method="POST" type="request" pid="825,1,15" Host="digital-signage-backend-fxeuazanh7cqd7d7.scm.eastus-01.azurewebsites.net" User-Agent="Azure-WebSites-Controller/105.0.7.86" Authorization="Bas..." Expect="100-continue" Content-Length="86" x-ms-request-id="961f5c06-7ae8-41fb-adcd-a2e5cf543064" X-ARR-LOG-ID="961f5c06-7ae8-41fb-adcd-a2e5cf543064" CLIENT-IP="40.71.11.169:18978" X-SITE-DEPLOYMENT-ID="Digital-Signage-Backend" WAS-DEFAULT-HOSTNAME="digital-signage-backend-fxeuazanh7cqd7d7.scm.eastus-01.azurewebsites.net" X-MS-PLATFORM-INTERNAL="True" X-Forwarded-Proto="https" X-AppService-Proto="https" X-Forwarded-TlsVersion="1.3" X-WAWS-Unencoded-URL="/deploy?scmType=ExternalGit&amp;isAsync=true" X-Client-IP="40.71.11.169" X-Client-Port="18978" >
  <step title="Cleanup Xml Logs" date="2025-10-23T15:47:49.291" >
    <step title="Cleanup Infos" date="2025-10-23T15:47:49.472" totalFiles="240" totalCleanup="80" /><!-- duration: 42ms -->
  </step><!-- duration: 261ms -->
  <step title="FetchHandler" date="2025-10-23T15:47:49.654" >
    <step title="Executing external process" date="2025-10-23T15:47:49.954" type="process" path="git" arguments="rev-parse --git-dir" /><!-- duration: 201ms -->
    <step title="Executing external process" date="2025-10-23T15:47:50.184" type="process" path="git" arguments="rev-parse --git-dir" /><!-- duration: 87ms -->
    <step title="Executing external process" date="2025-10-23T15:47:50.332" type="process" path="git" arguments="log -n 1 main --" /><!-- duration: 412ms -->
    <step title="Start deployment in the background" date="2025-10-23T15:47:50.775" >
      <step title="Executing external process" date="2025-10-23T15:47:51.146" type="process" path="git" arguments="rev-parse --git-dir" /><!-- duration: 71ms -->
      <step title="Executing external process" date="2025-10-23T15:47:51.257" type="process" path="git" arguments="rev-parse --git-dir" /><!-- duration: 99ms -->
      <step title="Executing external process" date="2025-10-23T15:47:51.386" type="process" path="git" arguments="log -n 1 main --" /><!-- duration: 583ms -->
      <step title="Acquiring Deployment Lock" date="2025-10-23T15:47:51.998" /><!-- duration: 11ms -->
      <step title="Cannot Acquire Deployment Lock already held" date="2025-10-23T15:47:52.029" /><!-- duration: 21ms -->
    </step><!-- duration: 1681ms -->
  </step><!-- duration: 2985ms -->
  <step title="Outgoing response" date="2025-10-23T15:47:52.797" type="response" statusCode="202" statusText="Accepted" /><!-- duration: 21ms -->
</step><!-- duration: 3596ms -->
