<step title="Incoming Request" date="2025-10-21T17:27:27.203" instance="37c775" url="/deploy?scmType=ExternalGit&amp;isAsync=true" method="POST" type="request" pid="827,1,35" Host="digital-signage-backend-fxeuazanh7cqd7d7.scm.eastus-01.azurewebsites.net" User-Agent="Azure-WebSites-Controller/105.0.7.86" Authorization="Bas..." Expect="100-continue" Content-Length="86" x-ms-request-id="f0f369ec-bca6-449b-adb3-bcbe7c74b421" X-ARR-LOG-ID="f0f369ec-bca6-449b-adb3-bcbe7c74b421" CLIENT-IP="40.71.11.169:18976" X-SITE-DEPLOYMENT-ID="Digital-Signage-Backend" WAS-DEFAULT-HOSTNAME="digital-signage-backend-fxeuazanh7cqd7d7.scm.eastus-01.azurewebsites.net" X-MS-PLATFORM-INTERNAL="True" X-Forwarded-Proto="https" X-AppService-Proto="https" X-Forwarded-TlsVersion="1.3" X-WAWS-Unencoded-URL="/deploy?scmType=ExternalGit&amp;isAsync=true" X-Client-IP="40.71.11.169" X-Client-Port="18976" >
  <step title="Cleanup Xml Logs" date="2025-10-21T17:27:27.226" >
    <step title="Cleanup Infos" date="2025-10-21T17:27:27.250" totalFiles="216" totalCleanup="56" /><!-- duration: 27ms -->
  </step><!-- duration: 63ms -->
  <step title="FetchHandler" date="2025-10-21T17:27:27.341" >
    <step title="Executing external process" date="2025-10-21T17:27:27.549" type="process" path="git" arguments="rev-parse --git-dir" /><!-- duration: 239ms -->
    <step title="Executing external process" date="2025-10-21T17:27:27.832" type="process" path="git" arguments="rev-parse --git-dir" /><!-- duration: 33ms -->
    <step title="Executing external process" date="2025-10-21T17:27:27.878" type="process" path="git" arguments="log -n 1 main --" /><!-- duration: 213ms -->
    <step title="Start deployment in the background" date="2025-10-21T17:27:28.112" >
      <step title="Executing external process" date="2025-10-21T17:27:28.173" type="process" path="git" arguments="rev-parse --git-dir" /><!-- duration: 47ms -->
      <step title="Executing external process" date="2025-10-21T17:27:28.233" type="process" path="git" arguments="rev-parse --git-dir" /><!-- duration: 30ms -->
      <step title="Executing external process" date="2025-10-21T17:27:28.273" type="process" path="git" arguments="log -n 1 main --" /><!-- duration: 71ms -->
      <step title="Acquiring Deployment Lock" date="2025-10-21T17:27:28.350" /><!-- duration: 4ms -->
      <step title="Acquired Deployment Lock" date="2025-10-21T17:27:28.412" /><!-- duration: 5ms -->
    </step><!-- duration: 452ms -->
  </step><!-- duration: 1260ms -->
  <step title="Outgoing response" date="2025-10-21T17:27:28.649" type="response" statusCode="202" statusText="Accepted" /><!-- duration: 12ms -->
</step><!-- duration: 1476ms -->
