<step title="BackgroundTrace" date="2025-10-24T13:08:34.712" instance="875718" url="/deploy" method="POST" >
  <step title="Cleanup Xml Logs" date="2025-10-24T13:08:34.896" >
    <step title="Cleanup Infos" date="2025-10-24T13:08:35.116" totalFiles="340" totalCleanup="180" /><!-- duration: 51ms -->
  </step><!-- duration: 280ms -->
  <step title="Creating temporary deployment - FetchDeploymentManager" date="2025-10-24T13:08:37.389" /><!-- duration: 5ms -->
  <step title="Creating temporary deployment" date="2025-10-24T13:08:37.400" /><!-- duration: 224ms -->
  <step title="Performing fetch based deployment" date="2025-10-24T13:08:38.638" >
    <step title="Deployment timer started" date="2025-10-24T13:09:30.183" >
      <step title="DeploymentManager.Deploy(id:1bf0d2b8444d7efea76c8303c57b435299de5464)" date="2025-10-24T13:09:30.249" >
        <step title="Collecting changeset information" date="2025-10-24T13:09:30.356" /><!-- duration: 340ms -->
        <step title="Updating submodules" date="2025-10-24T13:09:30.723" /><!-- duration: 1418ms -->
        <step title="Determining deployment builder" date="2025-10-24T13:09:32.890" >
          <step title="Builder is BasicBuilder" date="2025-10-24T13:09:33.096" /><!-- duration: 980ms -->
        </step><!-- duration: 1297ms -->
        <step title="PreDeployment: context.CleanOutputPath False" date="2025-10-24T13:09:34.821" >
          <step title="PreDeployment: context.OutputPath /home/site/wwwroot" date="2025-10-24T13:09:35.301" >
            <step title="Building" date="2025-10-24T13:09:35.694" >
              <step title="Executing external process" date="2025-10-24T13:09:36.610" type="process" path="starter.sh" arguments="/opt/Kudu/Scripts/parallel_rsync.sh /home/site/repository /home/site/wwwroot 8 /tmp/ False True  " /><!-- duration: 93631ms -->
