﻿<?xml version="1.0" encoding="utf-8"?>
<deployment>
  <id>d6cbdac3fb06cf3eda2f6996746215af7704f088</id>
  <author>Christopher Atwell</author>
  <deployer>GitHub</deployer>
  <authorEmail>catwell@mys3tech.com</authorEmail>
  <message>Replace contentId with layoutId in analytics endpoints
    
    Updated AnalyticsController and Analytics model to use layoutId instead of contentId in relevant API endpoints and filters. This change aligns the analytics data model and controller with the updated business requirements.</message>
  <progress></progress>
  <status>Success</status>
  <statusText></statusText>
  <lastSuccessEndTime>2025-10-21T16:49:58.7295331Z</lastSuccessEndTime>
  <receivedTime>2025-10-21T16:45:11.6818401Z</receivedTime>
  <startTime>2025-10-21T16:45:13.1219006Z</startTime>
  <endTime>2025-10-21T16:49:58.7295331Z</endTime>
  <complete>True</complete>
  <is_temp>False</is_temp>
  <is_readonly>False</is_readonly>
  <buildSummary />
</deployment>