<step title="Incoming Request" date="2025-10-14T17:20:35.903" instance="37c775" url="/deploy?scmType=ExternalGit&amp;isAsync=true" method="POST" type="request" pid="823,1,58" Host="digital-signage-backend-fxeuazanh7cqd7d7.scm.eastus-01.azurewebsites.net" User-Agent="Azure-WebSites-Controller/105.0.7.86" Authorization="Bas..." Expect="100-continue" Content-Length="86" x-ms-request-id="fecf7753-f4ab-4e4d-ac83-fd41afded15c" X-ARR-LOG-ID="fecf7753-f4ab-4e4d-ac83-fd41afded15c" CLIENT-IP="40.71.11.169:24834" X-SITE-DEPLOYMENT-ID="Digital-Signage-Backend" WAS-DEFAULT-HOSTNAME="digital-signage-backend-fxeuazanh7cqd7d7.scm.eastus-01.azurewebsites.net" X-MS-PLATFORM-INTERNAL="True" X-Forwarded-Proto="https" X-AppService-Proto="https" X-Forwarded-TlsVersion="1.3" X-WAWS-Unencoded-URL="/deploy?scmType=ExternalGit&amp;isAsync=true" X-Client-IP="40.71.11.169" X-Client-Port="24834" >
  <step title="Cleanup Xml Logs" date="2025-10-14T17:20:35.908" /><!-- duration: 10ms -->
  <step title="FetchHandler" date="2025-10-14T17:20:35.972" >
    <step title="Executing external process" date="2025-10-14T17:20:36.019" type="process" path="git" arguments="rev-parse --git-dir" /><!-- duration: 56ms -->
    <step title="Executing external process" date="2025-10-14T17:20:36.084" type="process" path="git" arguments="rev-parse --git-dir" /><!-- duration: 35ms -->
    <step title="Executing external process" date="2025-10-14T17:20:36.125" type="process" path="git" arguments="log -n 1 main --" /><!-- duration: 91ms -->
    <step title="Start deployment in the background" date="2025-10-14T17:20:36.225" >
      <step title="Executing external process" date="2025-10-14T17:20:36.262" type="process" path="git" arguments="rev-parse --git-dir" /><!-- duration: 23ms -->
      <step title="Executing external process" date="2025-10-14T17:20:36.291" type="process" path="git" arguments="rev-parse --git-dir" /><!-- duration: 24ms -->
      <step title="Executing external process" date="2025-10-14T17:20:36.321" type="process" path="git" arguments="log -n 1 main --" /><!-- duration: 60ms -->
      <step title="Acquiring Deployment Lock" date="2025-10-14T17:20:36.387" /><!-- duration: 6ms -->
      <step title="Acquired Deployment Lock" date="2025-10-14T17:20:36.433" /><!-- duration: 5ms -->
    </step><!-- duration: 348ms -->
  </step><!-- duration: 605ms -->
  <step title="Outgoing response" date="2025-10-14T17:20:36.583" type="response" statusCode="202" statusText="Accepted" /><!-- duration: 4ms -->
</step><!-- duration: 690ms -->
