﻿<?xml version="1.0" encoding="utf-8"?>
<deployment>
  <id>d1ec32acd30f1b72817a30732f9b03b187ffc43c</id>
  <author>Christopher Atwell</author>
  <deployer>GitHub</deployer>
  <authorEmail>catwell@mys3tech.com</authorEmail>
  <message>Add custom startup script to optimize Azure deployment
    
    - Created startup.sh to bypass slow npm install process
    - Uses npm ci --only=production --prefer-offline for faster installs
    - Added .npmrc to configure npm for production mode
    - Configured Azure to use custom startup command
    
    This resolves the container timeout issue caused by slow npm registry
    access (packages taking 2-3 minutes each to download).
    
    Generated with [Claude Code](https://claude.com/claude-code)
    
    Co-Authored-By: Claude &lt;noreply@anthropic.com&gt;</message>
  <progress></progress>
  <status>Success</status>
  <statusText></statusText>
  <lastSuccessEndTime>2025-10-24T13:27:51.6395388Z</lastSuccessEndTime>
  <receivedTime>2025-10-24T13:26:27.9458182Z</receivedTime>
  <startTime>2025-10-24T13:26:29.7171893Z</startTime>
  <endTime>2025-10-24T13:27:51.6395388Z</endTime>
  <complete>True</complete>
  <is_temp>False</is_temp>
  <is_readonly>False</is_readonly>
  <buildSummary />
</deployment>