﻿<?xml version="1.0" encoding="utf-8"?>
<deployment>
  <id>85cf86d8ee2215f0ea4096eb2a2f3f222ae003af</id>
  <author>Christopher Atwell</author>
  <deployer>GitHub</deployer>
  <authorEmail>catwell@mys3tech.com</authorEmail>
  <message>Remove unused getItems method from PlaylistService
    
    Deleted the getItems method from PlaylistService as it is no longer needed. This helps clean up the codebase and removes unused functionality.</message>
  <progress></progress>
  <status>Success</status>
  <statusText></statusText>
  <lastSuccessEndTime>2025-10-21T17:32:59.3873955Z</lastSuccessEndTime>
  <receivedTime>2025-10-21T17:27:53.3549304Z</receivedTime>
  <startTime>2025-10-21T17:27:54.7699527Z</startTime>
  <endTime>2025-10-21T17:32:59.3873955Z</endTime>
  <complete>True</complete>
  <is_temp>False</is_temp>
  <is_readonly>False</is_readonly>
  <buildSummary />
</deployment>