﻿<?xml version="1.0" encoding="utf-8"?>
<deployment>
  <id>510e05404dda27513227f66f2eb04b77ee670691</id>
  <author>Christopher Atwell</author>
  <deployer>GitHub</deployer>
  <authorEmail>catwell@mys3tech.com</authorEmail>
  <message>Create deploy.zip</message>
  <progress></progress>
  <status>Success</status>
  <statusText></statusText>
  <lastSuccessEndTime>2025-10-23T17:32:33.9266913Z</lastSuccessEndTime>
  <receivedTime>2025-10-23T17:28:47.9126528Z</receivedTime>
  <startTime>2025-10-23T17:28:49.3171799Z</startTime>
  <endTime>2025-10-23T17:32:33.9266913Z</endTime>
  <complete>True</complete>
  <is_temp>False</is_temp>
  <is_readonly>False</is_readonly>
  <buildSummary />
</deployment>