﻿<?xml version="1.0" encoding="utf-8"?>
<deployment>
  <id>f806c4a71b91363600584ed6a1cc270235f3755a</id>
  <author>Christopher Atwell</author>
  <deployer>GitHub</deployer>
  <authorEmail>catwell@mys3tech.com</authorEmail>
  <message>Clear invalid data in migration before schema changes
    
    Adds steps to delete existing PlaylistItems and Schedules data in the migration script before altering foreign key relationships. This prevents issues caused by incompatible references after the schema update.</message>
  <progress></progress>
  <status>Success</status>
  <statusText></statusText>
  <lastSuccessEndTime>2025-10-21T19:29:26.8559843Z</lastSuccessEndTime>
  <receivedTime>2025-10-21T19:23:55.7580286Z</receivedTime>
  <startTime>2025-10-21T19:23:57.2331975Z</startTime>
  <endTime>2025-10-21T19:29:26.8559843Z</endTime>
  <complete>True</complete>
  <is_temp>False</is_temp>
  <is_readonly>False</is_readonly>
  <buildSummary />
</deployment>