<step title="Incoming Request" date="2025-10-15T13:03:46.821" instance="37c775" url="/deploy?scmType=ExternalGit&amp;isAsync=true" method="POST" type="request" pid="823,1,52" Host="digital-signage-backend-fxeuazanh7cqd7d7.scm.eastus-01.azurewebsites.net" User-Agent="Azure-WebSites-Controller/105.0.7.86" Authorization="Bas..." Expect="100-continue" Content-Length="86" x-ms-request-id="f669c68c-f42d-4f94-a89b-5da839ace666" X-ARR-LOG-ID="f669c68c-f42d-4f94-a89b-5da839ace666" CLIENT-IP="40.71.11.169:24832" X-SITE-DEPLOYMENT-ID="Digital-Signage-Backend" WAS-DEFAULT-HOSTNAME="digital-signage-backend-fxeuazanh7cqd7d7.scm.eastus-01.azurewebsites.net" X-MS-PLATFORM-INTERNAL="True" X-Forwarded-Proto="https" X-AppService-Proto="https" X-Forwarded-TlsVersion="1.3" X-WAWS-Unencoded-URL="/deploy?scmType=ExternalGit&amp;isAsync=true" X-Client-IP="40.71.11.169" X-Client-Port="24832" >
  <step title="Cleanup Xml Logs" date="2025-10-15T13:03:46.870" /><!-- duration: 69ms -->
  <step title="FetchHandler" date="2025-10-15T13:03:47.163" >
    <step title="Executing external process" date="2025-10-15T13:03:47.405" type="process" path="git" arguments="rev-parse --git-dir" /><!-- duration: 2221ms -->
    <step title="Executing external process" date="2025-10-15T13:03:49.685" type="process" path="git" arguments="rev-parse --git-dir" /><!-- duration: 81ms -->
    <step title="Executing external process" date="2025-10-15T13:03:49.787" type="process" path="git" arguments="log -n 1 main --" /><!-- duration: 249ms -->
    <step title="Start deployment in the background" date="2025-10-15T13:03:50.072" >
      <step title="Executing external process" date="2025-10-15T13:03:50.197" type="process" path="git" arguments="rev-parse --git-dir" /><!-- duration: 50ms -->
      <step title="Executing external process" date="2025-10-15T13:03:50.279" type="process" path="git" arguments="rev-parse --git-dir" /><!-- duration: 89ms -->
      <step title="Executing external process" date="2025-10-15T13:03:50.379" type="process" path="git" arguments="log -n 1 main --" /><!-- duration: 252ms -->
      <step title="Acquiring Deployment Lock" date="2025-10-15T13:03:50.679" /><!-- duration: 20ms -->
      <step title="Cannot Acquire Deployment Lock already held" date="2025-10-15T13:03:50.760" /><!-- duration: 12ms -->
    </step><!-- duration: 1098ms -->
  </step><!-- duration: 4039ms -->
  <step title="Outgoing response" date="2025-10-15T13:03:51.222" type="response" statusCode="202" statusText="Accepted" /><!-- duration: 19ms -->
</step><!-- duration: 4430ms -->
