<step title="Incoming Request" date="2025-10-14T17:51:47.203" instance="37c775" url="/deploy?scmType=ExternalGit&amp;isAsync=true" method="POST" type="request" pid="821,1,23" Host="digital-signage-backend-fxeuazanh7cqd7d7.scm.eastus-01.azurewebsites.net" User-Agent="Azure-WebSites-Controller/105.0.7.86" Authorization="Bas..." Expect="100-continue" Content-Length="86" x-ms-request-id="885a6405-1fa2-4e10-8db3-0e94416324f8" X-ARR-LOG-ID="885a6405-1fa2-4e10-8db3-0e94416324f8" CLIENT-IP="40.71.11.169:24835" X-SITE-DEPLOYMENT-ID="Digital-Signage-Backend" WAS-DEFAULT-HOSTNAME="digital-signage-backend-fxeuazanh7cqd7d7.scm.eastus-01.azurewebsites.net" X-MS-PLATFORM-INTERNAL="True" X-Forwarded-Proto="https" X-AppService-Proto="https" X-Forwarded-TlsVersion="1.3" X-WAWS-Unencoded-URL="/deploy?scmType=ExternalGit&amp;isAsync=true" X-Client-IP="40.71.11.169" X-Client-Port="24835" >
  <step title="Cleanup Xml Logs" date="2025-10-14T17:51:47.208" /><!-- duration: 8ms -->
  <step title="FetchHandler" date="2025-10-14T17:51:47.225" >
    <step title="Executing external process" date="2025-10-14T17:51:47.302" type="process" path="git" arguments="rev-parse --git-dir" /><!-- duration: 78ms -->
    <step title="Executing external process" date="2025-10-14T17:51:47.387" type="process" path="git" arguments="rev-parse --git-dir" /><!-- duration: 35ms -->
    <step title="Executing external process" date="2025-10-14T17:51:47.426" type="process" path="git" arguments="log -n 1 main --" /><!-- duration: 79ms -->
    <step title="Start deployment in the background" date="2025-10-14T17:51:47.512" >
      <step title="Executing external process" date="2025-10-14T17:51:47.544" type="process" path="git" arguments="rev-parse --git-dir" /><!-- duration: 58ms -->
      <step title="Executing external process" date="2025-10-14T17:51:47.607" type="process" path="git" arguments="rev-parse --git-dir" /><!-- duration: 16ms -->
      <step title="Executing external process" date="2025-10-14T17:51:47.628" type="process" path="git" arguments="log -n 1 main --" /><!-- duration: 42ms -->
      <step title="Acquiring Deployment Lock" date="2025-10-14T17:51:47.675" /><!-- duration: 15ms -->
      <step title="Acquired Deployment Lock" date="2025-10-14T17:51:47.733" /><!-- duration: 4ms -->
    </step><!-- duration: 354ms -->
  </step><!-- duration: 647ms -->
  <step title="Outgoing response" date="2025-10-14T17:51:47.877" type="response" statusCode="202" statusText="Accepted" /><!-- duration: 6ms -->
</step><!-- duration: 683ms -->
