<step title="BackgroundTrace" date="2025-10-14T19:42:06.706" instance="37c775" url="/deploy" method="POST" >
  <step title="Creating temporary deployment - FetchDeploymentManager" date="2025-10-14T19:42:06.975" /><!-- duration: 7ms -->
  <step title="Creating temporary deployment" date="2025-10-14T19:42:06.989" /><!-- duration: 101ms -->
  <step title="Performing fetch based deployment" date="2025-10-14T19:42:07.406" >
    <step title="Deployment timer started" date="2025-10-14T19:42:29.890" >
      <step title="DeploymentManager.Deploy(id:bbdd2ffd1f473ec9907b35e3a20033e83362788a)" date="2025-10-14T19:42:29.899" >
        <step title="Collecting changeset information" date="2025-10-14T19:42:29.972" /><!-- duration: 189ms -->
        <step title="Updating submodules" date="2025-10-14T19:42:30.171" /><!-- duration: 1173ms -->
        <step title="Determining deployment builder" date="2025-10-14T19:42:31.622" >
          <step title="Builder is OryxBuilder" date="2025-10-14T19:42:31.640" /><!-- duration: 19ms -->
        </step><!-- duration: 52ms -->
        <step title="PreDeployment: context.CleanOutputPath False" date="2025-10-14T19:42:31.759" >
          <step title="PreDeployment: context.OutputPath /home/site/wwwroot" date="2025-10-14T19:42:31.934" >
            <step title="Building" date="2025-10-14T19:42:32.127" >
              <step title="Executing external process" date="2025-10-14T19:42:32.519" type="process" path="bash" arguments="-c &quot;oryx build /home/site/repository -o /home/site/wwwroot --platform nodejs --platform-version 22 -p virtualenv_name= --log-file /tmp/build-debug.log  -i /tmp/8de0b59d0d6b6f9 -p compress_node_modules=tar-gz | tee /tmp/oryx-build.log ; exit $PIPESTATUS &quot;" /><!-- duration: 158002ms -->
              <step title="Using GenericDeploymentLogParser" date="2025-10-14T19:45:11.178" /><!-- duration: 8ms -->
              <step title="Triggering recycle (preview mode disabled)." date="2025-10-14T19:45:12.796" /><!-- duration: 9ms -->
              <step title="Modified file to trigger a restart of the app container." date="2025-10-14T19:45:12.854" /><!-- duration: 7ms -->
              <step title="Skip function trigger and logicapp sync because function is not enabled." date="2025-10-14T19:45:12.918" /><!-- duration: 6ms -->
              <step title="Purge deployment items" date="2025-10-14T19:45:14.133" >
                <step title="Remove 6203a113b, Failed, received at 10/14/2025 19:36:19" date="2025-10-14T19:45:14.269" /><!-- duration: 5ms -->
                <step title="Remove temp-4c9c, Failed, received at 10/14/2025 19:35:48" date="2025-10-14T19:45:14.352" /><!-- duration: 8ms -->
              </step><!-- duration: 234ms -->
            </step><!-- duration: 162332ms -->
          </step><!-- duration: 162547ms -->
          <step title="Cleaning up temp files" date="2025-10-14T19:45:14.487" /><!-- duration: 3189ms -->
          <step title="Cleaning up temp files" date="2025-10-14T19:45:17.695" /><!-- duration: 513ms -->
          <step title="Reloading status file with latest updates" date="2025-10-14T19:45:18.250" >
            <step title="WebHooksManager.PublishEventAsync: PostDeployment" date="2025-10-14T19:45:18.259" /><!-- duration: 169ms -->
          </step><!-- duration: 184ms -->
          <step title="Cleaning up temporary deployment - fetch deployment was successful" date="2025-10-14T19:45:18.451" /><!-- duration: 10ms -->
        </step><!-- duration: 166781ms -->
      </step><!-- duration: 168677ms -->
