<step title="Incoming Request" date="2025-10-14T17:09:50.892" instance="37c775" url="/deploy?scmType=ExternalGit&amp;isAsync=true" method="POST" type="request" pid="823,1,52" Host="digital-signage-backend-fxeuazanh7cqd7d7.scm.eastus-01.azurewebsites.net" User-Agent="Azure-WebSites-Controller/105.0.7.86" Authorization="Bas..." Expect="100-continue" Content-Length="86" x-ms-request-id="dc1eb3c3-501d-443e-92ce-46db6c6c61ba" X-ARR-LOG-ID="dc1eb3c3-501d-443e-92ce-46db6c6c61ba" CLIENT-IP="40.71.11.169:24835" X-SITE-DEPLOYMENT-ID="Digital-Signage-Backend" WAS-DEFAULT-HOSTNAME="digital-signage-backend-fxeuazanh7cqd7d7.scm.eastus-01.azurewebsites.net" X-MS-PLATFORM-INTERNAL="True" X-Forwarded-Proto="https" X-AppService-Proto="https" X-Forwarded-TlsVersion="1.3" X-WAWS-Unencoded-URL="/deploy?scmType=ExternalGit&amp;isAsync=true" X-Client-IP="40.71.11.169" X-Client-Port="24835" >
  <step title="Cleanup Xml Logs" date="2025-10-14T17:09:50.897" /><!-- duration: 27ms -->
  <step title="FetchHandler" date="2025-10-14T17:09:51.004" >
    <step title="Executing external process" date="2025-10-14T17:09:51.127" type="process" path="git" arguments="rev-parse --git-dir" /><!-- duration: 86ms -->
    <step title="Executing external process" date="2025-10-14T17:09:51.223" type="process" path="git" arguments="rev-parse --git-dir" /><!-- duration: 40ms -->
    <step title="Executing external process" date="2025-10-14T17:09:52.650" type="process" path="git" arguments="log -n 1 main --" /><!-- duration: 190ms -->
    <step title="Start deployment in the background" date="2025-10-14T17:09:52.883" >
      <step title="Executing external process" date="2025-10-14T17:09:53.013" type="process" path="git" arguments="rev-parse --git-dir" /><!-- duration: 41ms -->
      <step title="Executing external process" date="2025-10-14T17:09:53.074" type="process" path="git" arguments="rev-parse --git-dir" /><!-- duration: 68ms -->
      <step title="Executing external process" date="2025-10-14T17:09:53.154" type="process" path="git" arguments="log -n 1 main --" /><!-- duration: 108ms -->
      <step title="Acquiring Deployment Lock" date="2025-10-14T17:09:53.273" /><!-- duration: 12ms -->
      <step title="Acquired Deployment Lock" date="2025-10-14T17:09:53.377" /><!-- duration: 15ms -->
    </step><!-- duration: 756ms -->
  </step><!-- duration: 2644ms -->
  <step title="Outgoing response" date="2025-10-14T17:09:53.656" type="response" statusCode="202" statusText="Accepted" /><!-- duration: 11ms -->
</step><!-- duration: 2784ms -->
