<step title="Incoming Request" date="2025-10-14T16:45:43.636" instance="37c775" url="/deploy?scmType=ExternalGit&amp;isAsync=true" method="POST" type="request" pid="823,1,7" Host="digital-signage-backend-fxeuazanh7cqd7d7.scm.eastus-01.azurewebsites.net" User-Agent="Azure-WebSites-Controller/105.0.7.86" Authorization="Bas..." Expect="100-continue" Content-Length="86" x-ms-request-id="2bbf1ac2-eb6a-4455-99ff-3db8eab71ddc" X-ARR-LOG-ID="2bbf1ac2-eb6a-4455-99ff-3db8eab71ddc" CLIENT-IP="40.71.11.169:20614" X-SITE-DEPLOYMENT-ID="Digital-Signage-Backend" WAS-DEFAULT-HOSTNAME="digital-signage-backend-fxeuazanh7cqd7d7.scm.eastus-01.azurewebsites.net" X-MS-PLATFORM-INTERNAL="True" X-Forwarded-Proto="https" X-AppService-Proto="https" X-Forwarded-TlsVersion="1.3" X-WAWS-Unencoded-URL="/deploy?scmType=ExternalGit&amp;isAsync=true" X-Client-IP="40.71.11.169" X-Client-Port="20614" >
  <step title="FetchHandler" date="2025-10-14T16:45:43.681" >
    <step title="GitExeRepository.Initialize" date="2025-10-14T16:45:43.757" >
      <step title="Executing external process" date="2025-10-14T16:45:43.766" type="process" path="git" arguments="init" /><!-- duration: 539ms -->
      <step title="Executing external process" date="2025-10-14T16:45:44.315" type="process" path="git" arguments="config core.autocrlf false" /><!-- duration: 39ms -->
      <step title="Executing external process" date="2025-10-14T16:45:44.365" type="process" path="git" arguments="config core.preloadindex true" /><!-- duration: 36ms -->
      <step title="Executing external process" date="2025-10-14T16:45:44.409" type="process" path="git" arguments="config user.name &quot;unknown&quot;" /><!-- duration: 36ms -->
      <step title="Executing external process" date="2025-10-14T16:45:44.451" type="process" path="git" arguments="config user.email &quot;unknown&quot;" /><!-- duration: 45ms -->
      <step title="Executing external process" date="2025-10-14T16:45:44.502" type="process" path="git" arguments="config filter.lfs.clean &quot;git-lfs clean %f&quot;" /><!-- duration: 34ms -->
      <step title="Executing external process" date="2025-10-14T16:45:44.541" type="process" path="git" arguments="config filter.lfs.smudge &quot;git-lfs smudge %f&quot;" /><!-- duration: 45ms -->
      <step title="Executing external process" date="2025-10-14T16:45:44.612" type="process" path="git" arguments="config filter.lfs.required true" /><!-- duration: 58ms -->
      <step title="Configure git server" date="2025-10-14T16:45:44.676" >
        <step title="Executing external process" date="2025-10-14T16:45:44.682" type="process" path="git" arguments="config receive.denyCurrentBranch ignore" /><!-- duration: 43ms -->
      </step><!-- duration: 54ms -->
      <step title="Create deny users for .git folder" date="2025-10-14T16:45:44.736" /><!-- duration: 40ms -->
      <step title="Configure git-credential" date="2025-10-14T16:45:44.780" >
        <step title="Executing external process" date="2025-10-14T16:45:44.806" type="process" path="git" arguments="config credential.helper &quot;!&apos;/home/site/repository/.git/hooks/git-credential-invalid.sh&apos;&quot;" /><!-- duration: 27ms -->
      </step><!-- duration: 58ms -->
      <step title="Setup post receive hook" date="2025-10-14T16:45:44.842" >
        <step title="Non-Windows enviroment, granting 755 permission to post-receive hook file" date="2025-10-14T16:45:44.867" /><!-- duration: 29ms -->
      </step><!-- duration: 63ms -->
    </step><!-- duration: 1158ms -->
    <step title="Executing external process" date="2025-10-14T16:45:44.922" type="process" path="git" arguments="log -n 1 main --" >
      <step title="Process dump" date="2025-10-14T16:45:44.964" exitCode="128" type="processOutput" /><!-- duration: 5ms -->
    </step><!-- duration: 51ms -->
    <step title="Start deployment in the background" date="2025-10-14T16:45:44.979" >
      <step title="Executing external process" date="2025-10-14T16:45:45.009" type="process" path="git" arguments="rev-parse --git-dir" /><!-- duration: 49ms -->
      <step title="Executing external process" date="2025-10-14T16:45:45.063" type="process" path="git" arguments="rev-parse --git-dir" /><!-- duration: 25ms -->
      <step title="Executing external process" date="2025-10-14T16:45:45.100" type="process" path="git" arguments="log -n 1 main --" >
        <step title="Process dump" date="2025-10-14T16:45:45.148" exitCode="128" type="processOutput" /><!-- duration: 5ms -->
      </step><!-- duration: 57ms -->
      <step title="Acquiring Deployment Lock" date="2025-10-14T16:45:45.163" /><!-- duration: 5ms -->
      <step title="Acquired Deployment Lock" date="2025-10-14T16:45:45.224" /><!-- duration: 5ms -->
    </step><!-- duration: 364ms -->
  </step><!-- duration: 1669ms -->
  <step title="Outgoing response" date="2025-10-14T16:45:45.358" type="response" statusCode="202" statusText="Accepted" /><!-- duration: 4ms -->
</step><!-- duration: 1731ms -->
