<step title="BackgroundTrace" date="2025-10-15T13:47:51.230" instance="37c775" url="/deploy" method="POST" >
  <step title="Creating temporary deployment - FetchDeploymentManager" date="2025-10-15T13:47:51.493" /><!-- duration: 38ms -->
  <step title="Creating temporary deployment" date="2025-10-15T13:47:51.602" /><!-- duration: 116ms -->
  <step title="Performing fetch based deployment" date="2025-10-15T13:47:52.158" >
    <step title="Deployment timer started" date="2025-10-15T13:48:02.241" >
      <step title="DeploymentManager.Deploy(id:6d7703112bed17a703efad917407f13265d51cec)" date="2025-10-15T13:48:02.300" >
        <step title="Collecting changeset information" date="2025-10-15T13:48:02.423" /><!-- duration: 363ms -->
        <step title="Updating submodules" date="2025-10-15T13:48:02.864" /><!-- duration: 1601ms -->
        <step title="Determining deployment builder" date="2025-10-15T13:48:04.755" >
          <step title="Builder is OryxBuilder" date="2025-10-15T13:48:04.771" /><!-- duration: 19ms -->
        </step><!-- duration: 45ms -->
        <step title="PreDeployment: context.CleanOutputPath False" date="2025-10-15T13:48:04.873" >
          <step title="PreDeployment: context.OutputPath /home/site/wwwroot" date="2025-10-15T13:48:05.017" >
            <step title="Building" date="2025-10-15T13:48:05.258" >
              <step title="Executing external process" date="2025-10-15T13:48:05.688" type="process" path="bash" arguments="-c &quot;oryx build /home/site/repository -o /home/site/wwwroot --platform nodejs --platform-version 22 -p virtualenv_name= --log-file /tmp/build-debug.log  -i /tmp/8de0bf1773566fc -p compress_node_modules=tar-gz | tee /tmp/oryx-build.log ; exit $PIPESTATUS &quot;" /><!-- duration: 154339ms -->
              <step title="Using GenericDeploymentLogParser" date="2025-10-15T13:50:40.596" /><!-- duration: 11ms -->
              <step title="Triggering recycle (preview mode disabled)." date="2025-10-15T13:50:42.357" /><!-- duration: 17ms -->
              <step title="Modified file to trigger a restart of the app container." date="2025-10-15T13:50:42.436" /><!-- duration: 5ms -->
              <step title="Skip function trigger and logicapp sync because function is not enabled." date="2025-10-15T13:50:42.465" /><!-- duration: 22ms -->
            </step><!-- duration: 158509ms -->
          </step><!-- duration: 158770ms -->
          <step title="Cleaning up temp files" date="2025-10-15T13:50:43.794" /><!-- duration: 2962ms -->
          <step title="Cleaning up temp files" date="2025-10-15T13:50:46.768" /><!-- duration: 516ms -->
          <step title="Reloading status file with latest updates" date="2025-10-15T13:50:47.323" >
            <step title="WebHooksManager.PublishEventAsync: PostDeployment" date="2025-10-15T13:50:47.328" /><!-- duration: 85ms -->
          </step><!-- duration: 97ms -->
          <step title="Cleaning up temporary deployment - fetch deployment was successful" date="2025-10-15T13:50:47.431" /><!-- duration: 5ms -->
        </step><!-- duration: 162621ms -->
      </step><!-- duration: 165235ms -->
