﻿<?xml version="1.0" encoding="utf-8"?>
<deployment>
  <id>d6342e0556151c2c16003abbe6d40524259f8350</id>
  <author>Christopher Atwell</author>
  <deployer>GitHub</deployer>
  <authorEmail>catwell@mys3tech.com</authorEmail>
  <message>Add SQL migration for layouts and update related tables
    
    Introduces a migration script to create Layouts and LayoutLayers tables, and updates PlaylistItems and ProofOfPlay tables to reference layouts instead of content. This enables support for layouts in the digital signage platform and ensures referential integrity with new foreign key constraints.</message>
  <progress></progress>
  <status>Success</status>
  <statusText></statusText>
  <lastSuccessEndTime>2025-10-21T17:51:29.5274586Z</lastSuccessEndTime>
  <receivedTime>2025-10-21T17:47:12.4490443Z</receivedTime>
  <startTime>2025-10-21T17:47:14.3095314Z</startTime>
  <endTime>2025-10-21T17:51:29.5274586Z</endTime>
  <complete>True</complete>
  <is_temp>False</is_temp>
  <is_readonly>False</is_readonly>
  <buildSummary />
</deployment>