<step title="Incoming Request" date="2025-10-17T15:07:59.149" instance="37c775" url="/deploy?scmType=ExternalGit&amp;isAsync=true" method="POST" type="request" pid="825,1,15" Host="digital-signage-backend-fxeuazanh7cqd7d7.scm.eastus-01.azurewebsites.net" User-Agent="Azure-WebSites-Controller/105.0.7.86" Authorization="Bas..." Expect="100-continue" Content-Length="86" x-ms-request-id="65b9cb0a-dff5-42a5-a817-6c044e01d1ee" X-ARR-LOG-ID="65b9cb0a-dff5-42a5-a817-6c044e01d1ee" CLIENT-IP="40.71.11.169:24834" X-SITE-DEPLOYMENT-ID="Digital-Signage-Backend" WAS-DEFAULT-HOSTNAME="digital-signage-backend-fxeuazanh7cqd7d7.scm.eastus-01.azurewebsites.net" X-MS-PLATFORM-INTERNAL="True" X-Forwarded-Proto="https" X-AppService-Proto="https" X-Forwarded-TlsVersion="1.3" X-WAWS-Unencoded-URL="/deploy?scmType=ExternalGit&amp;isAsync=true" X-Client-IP="40.71.11.169" X-Client-Port="24834" >
  <step title="Cleanup Xml Logs" date="2025-10-17T15:07:59.153" /><!-- duration: 13ms -->
  <step title="FetchHandler" date="2025-10-17T15:07:59.226" >
    <step title="Executing external process" date="2025-10-17T15:07:59.319" type="process" path="git" arguments="rev-parse --git-dir" /><!-- duration: 53ms -->
    <step title="Executing external process" date="2025-10-17T15:07:59.380" type="process" path="git" arguments="rev-parse --git-dir" /><!-- duration: 25ms -->
    <step title="Executing external process" date="2025-10-17T15:07:59.412" type="process" path="git" arguments="log -n 1 main --" /><!-- duration: 146ms -->
    <step title="Start deployment in the background" date="2025-10-17T15:07:59.588" >
      <step title="Executing external process" date="2025-10-17T15:07:59.618" type="process" path="git" arguments="rev-parse --git-dir" /><!-- duration: 23ms -->
      <step title="Executing external process" date="2025-10-17T15:07:59.649" type="process" path="git" arguments="rev-parse --git-dir" /><!-- duration: 24ms -->
      <step title="Executing external process" date="2025-10-17T15:07:59.690" type="process" path="git" arguments="log -n 1 main --" /><!-- duration: 184ms -->
      <step title="Acquiring Deployment Lock" date="2025-10-17T15:07:59.880" /><!-- duration: 9ms -->
      <step title="Acquired Deployment Lock" date="2025-10-17T15:07:59.925" /><!-- duration: 9ms -->
    </step><!-- duration: 482ms -->
  </step><!-- duration: 850ms -->
  <step title="Outgoing response" date="2025-10-17T15:08:00.084" type="response" statusCode="202" statusText="Accepted" /><!-- duration: 5ms -->
</step><!-- duration: 951ms -->
