<step title="Incoming Request" date="2025-10-17T14:38:20.794" instance="37c775" url="/deploy?scmType=ExternalGit&amp;isAsync=true" method="POST" type="request" pid="823,1,25" Host="digital-signage-backend-fxeuazanh7cqd7d7.scm.eastus-01.azurewebsites.net" User-Agent="Azure-WebSites-Controller/105.0.7.86" Authorization="Bas..." Expect="100-continue" Content-Length="86" x-ms-request-id="a589007c-1a5d-4d64-894d-0a57eb18ef1d" X-ARR-LOG-ID="a589007c-1a5d-4d64-894d-0a57eb18ef1d" CLIENT-IP="40.71.11.169:20615" X-SITE-DEPLOYMENT-ID="Digital-Signage-Backend" WAS-DEFAULT-HOSTNAME="digital-signage-backend-fxeuazanh7cqd7d7.scm.eastus-01.azurewebsites.net" X-MS-PLATFORM-INTERNAL="True" X-Forwarded-Proto="https" X-AppService-Proto="https" X-Forwarded-TlsVersion="1.3" X-WAWS-Unencoded-URL="/deploy?scmType=ExternalGit&amp;isAsync=true" X-Client-IP="40.71.11.169" X-Client-Port="20615" >
  <step title="Cleanup Xml Logs" date="2025-10-17T14:38:20.831" /><!-- duration: 100ms -->
  <step title="FetchHandler" date="2025-10-17T14:38:21.113" >
    <step title="Executing external process" date="2025-10-17T14:38:21.245" type="process" path="git" arguments="rev-parse --git-dir" /><!-- duration: 270ms -->
    <step title="Executing external process" date="2025-10-17T14:38:21.547" type="process" path="git" arguments="rev-parse --git-dir" /><!-- duration: 169ms -->
    <step title="Executing external process" date="2025-10-17T14:38:21.806" type="process" path="git" arguments="log -n 1 main --" /><!-- duration: 795ms -->
    <step title="Start deployment in the background" date="2025-10-17T14:38:22.663" >
      <step title="Executing external process" date="2025-10-17T14:38:22.791" type="process" path="git" arguments="rev-parse --git-dir" /><!-- duration: 203ms -->
      <step title="Executing external process" date="2025-10-17T14:38:23.033" type="process" path="git" arguments="rev-parse --git-dir" /><!-- duration: 173ms -->
      <step title="Executing external process" date="2025-10-17T14:38:23.254" type="process" path="git" arguments="log -n 1 main --" /><!-- duration: 264ms -->
      <step title="Acquiring Deployment Lock" date="2025-10-17T14:38:23.533" /><!-- duration: 8ms -->
      <step title="Cannot Acquire Deployment Lock already held" date="2025-10-17T14:38:23.569" /><!-- duration: 9ms -->
    </step><!-- duration: 1294ms -->
  </step><!-- duration: 2875ms -->
  <step title="Outgoing response" date="2025-10-17T14:38:24.017" type="response" statusCode="202" statusText="Accepted" /><!-- duration: 11ms -->
</step><!-- duration: 3245ms -->
