<step title="BackgroundTrace" date="2025-10-21T17:27:28.142" instance="37c775" url="/deploy" method="POST" >
  <step title="Creating temporary deployment - FetchDeploymentManager" date="2025-10-21T17:27:28.422" /><!-- duration: 4ms -->
  <step title="Creating temporary deployment" date="2025-10-21T17:27:28.439" /><!-- duration: 119ms -->
  <step title="Performing fetch based deployment" date="2025-10-21T17:27:29.299" >
    <step title="Deployment timer started" date="2025-10-21T17:27:53.156" >
      <step title="DeploymentManager.Deploy(id:85cf86d8ee2215f0ea4096eb2a2f3f222ae003af)" date="2025-10-21T17:27:53.201" >
        <step title="Collecting changeset information" date="2025-10-21T17:27:53.285" /><!-- duration: 131ms -->
        <step title="Updating submodules" date="2025-10-21T17:27:53.426" /><!-- duration: 1168ms -->
        <step title="Determining deployment builder" date="2025-10-21T17:27:54.853" >
          <step title="Builder is OryxBuilder" date="2025-10-21T17:27:54.896" /><!-- duration: 11ms -->
        </step><!-- duration: 60ms -->
        <step title="PreDeployment: context.CleanOutputPath False" date="2025-10-21T17:27:54.988" >
          <step title="PreDeployment: context.OutputPath /home/site/wwwroot" date="2025-10-21T17:27:55.208" >
            <step title="Building" date="2025-10-21T17:27:55.372" >
              <step title="Executing external process" date="2025-10-21T17:27:55.859" type="process" path="bash" arguments="-c &quot;oryx build /home/site/repository -o /home/site/wwwroot --platform nodejs --platform-version 22 -p virtualenv_name= --log-file /tmp/build-debug.log  -i /tmp/8de10c72b995380 -p compress_node_modules=tar-gz | tee /tmp/oryx-build.log ; exit $PIPESTATUS &quot;" >
                <step title="Cpu: npm install(75162,34.240s)+build.sh(75061,0.050s)+oryx(75033,8.140s)+tee(75034,0.000s)+bash(75032,0.000s)=total(42.430s)" date="2025-10-21T17:30:29.388" /><!-- duration: 71ms -->
                <step title="bash: no io activity for 60s, prev-cpu=-1.000s, current-cpu=42.430s" date="2025-10-21T17:30:29.487" /><!-- duration: 165ms -->
              </step><!-- duration: 300396ms -->
              <step title="Using GenericDeploymentLogParser" date="2025-10-21T17:32:56.994" /><!-- duration: 6ms -->
              <step title="Triggering recycle (preview mode disabled)." date="2025-10-21T17:32:58.692" /><!-- duration: 28ms -->
              <step title="Modified file to trigger a restart of the app container." date="2025-10-21T17:32:58.874" /><!-- duration: 6ms -->
              <step title="Skip function trigger and logicapp sync because function is not enabled." date="2025-10-21T17:32:58.923" /><!-- duration: 10ms -->
              <step title="Purge deployment items" date="2025-10-21T17:33:00.762" >
                <step title="Remove 0d1560d01, Failed, received at 10/21/2025 17:17:02" date="2025-10-21T17:33:00.832" /><!-- duration: 5ms -->
                <step title="Remove 357518ab1, Success, received at 10/14/2025 18:28:44" date="2025-10-21T17:33:00.916" /><!-- duration: 6ms -->
              </step><!-- duration: 165ms -->
            </step><!-- duration: 305648ms -->
          </step><!-- duration: 305831ms -->
          <step title="Cleaning up temp files" date="2025-10-21T17:33:01.043" /><!-- duration: 5379ms -->
          <step title="Cleaning up temp files" date="2025-10-21T17:33:06.460" /><!-- duration: 744ms -->
          <step title="Reloading status file with latest updates" date="2025-10-21T17:33:07.395" >
            <step title="WebHooksManager.PublishEventAsync: PostDeployment" date="2025-10-21T17:33:07.426" /><!-- duration: 342ms -->
          </step><!-- duration: 383ms -->
          <step title="Cleaning up temporary deployment - fetch deployment was successful" date="2025-10-21T17:33:07.896" /><!-- duration: 5ms -->
        </step><!-- duration: 313055ms -->
      </step><!-- duration: 315209ms -->
