<step title="Incoming Request" date="2025-10-17T15:26:46.029" instance="37c775" url="/deploy?scmType=ExternalGit&amp;isAsync=true" method="POST" type="request" pid="829,1,29" Host="digital-signage-backend-fxeuazanh7cqd7d7.scm.eastus-01.azurewebsites.net" User-Agent="Azure-WebSites-Controller/105.0.7.86" Authorization="Bas..." Expect="100-continue" Content-Length="86" x-ms-request-id="17f56ef6-be06-45fd-ba28-a92b226a6d9e" X-ARR-LOG-ID="17f56ef6-be06-45fd-ba28-a92b226a6d9e" CLIENT-IP="40.71.11.169:19908" X-SITE-DEPLOYMENT-ID="Digital-Signage-Backend" WAS-DEFAULT-HOSTNAME="digital-signage-backend-fxeuazanh7cqd7d7.scm.eastus-01.azurewebsites.net" X-MS-PLATFORM-INTERNAL="True" X-Forwarded-Proto="https" X-AppService-Proto="https" X-Forwarded-TlsVersion="1.3" X-WAWS-Unencoded-URL="/deploy?scmType=ExternalGit&amp;isAsync=true" X-Client-IP="40.71.11.169" X-Client-Port="19908" >
  <step title="Cleanup Xml Logs" date="2025-10-17T15:26:46.033" /><!-- duration: 16ms -->
  <step title="FetchHandler" date="2025-10-17T15:26:46.070" >
    <step title="Executing external process" date="2025-10-17T15:26:46.662" type="process" path="git" arguments="rev-parse --git-dir" /><!-- duration: 189ms -->
    <step title="Executing external process" date="2025-10-17T15:26:46.858" type="process" path="git" arguments="rev-parse --git-dir" /><!-- duration: 23ms -->
    <step title="Executing external process" date="2025-10-17T15:26:46.886" type="process" path="git" arguments="log -n 1 main --" /><!-- duration: 120ms -->
    <step title="Start deployment in the background" date="2025-10-17T15:26:47.018" >
      <step title="Executing external process" date="2025-10-17T15:26:47.069" type="process" path="git" arguments="rev-parse --git-dir" /><!-- duration: 79ms -->
      <step title="Executing external process" date="2025-10-17T15:26:47.154" type="process" path="git" arguments="rev-parse --git-dir" /><!-- duration: 26ms -->
      <step title="Executing external process" date="2025-10-17T15:26:47.187" type="process" path="git" arguments="log -n 1 main --" /><!-- duration: 71ms -->
      <step title="Acquiring Deployment Lock" date="2025-10-17T15:26:47.263" /><!-- duration: 4ms -->
      <step title="Acquired Deployment Lock" date="2025-10-17T15:26:47.311" /><!-- duration: 11ms -->
    </step><!-- duration: 441ms -->
  </step><!-- duration: 1394ms -->
  <step title="Outgoing response" date="2025-10-17T15:26:47.469" type="response" statusCode="202" statusText="Accepted" /><!-- duration: 4ms -->
</step><!-- duration: 1452ms -->
