<step title="Incoming Request" date="2025-10-21T16:44:46.173" instance="37c775" url="/deploy?scmType=ExternalGit&amp;isAsync=true" method="POST" type="request" pid="827,1,89" Host="digital-signage-backend-fxeuazanh7cqd7d7.scm.eastus-01.azurewebsites.net" User-Agent="Azure-WebSites-Controller/105.0.7.86" Authorization="Bas..." Expect="100-continue" Content-Length="86" x-ms-request-id="f4958ef4-9120-46d2-b302-472a24844062" X-ARR-LOG-ID="f4958ef4-9120-46d2-b302-472a24844062" CLIENT-IP="40.71.11.169:18981" X-SITE-DEPLOYMENT-ID="Digital-Signage-Backend" WAS-DEFAULT-HOSTNAME="digital-signage-backend-fxeuazanh7cqd7d7.scm.eastus-01.azurewebsites.net" X-MS-PLATFORM-INTERNAL="True" X-Forwarded-Proto="https" X-AppService-Proto="https" X-Forwarded-TlsVersion="1.3" X-WAWS-Unencoded-URL="/deploy?scmType=ExternalGit&amp;isAsync=true" X-Client-IP="40.71.11.169" X-Client-Port="18981" >
  <step title="Cleanup Xml Logs" date="2025-10-21T16:44:46.182" >
    <step title="Cleanup Infos" date="2025-10-21T16:44:46.201" totalFiles="212" totalCleanup="52" /><!-- duration: 36ms -->
  </step><!-- duration: 91ms -->
  <step title="FetchHandler" date="2025-10-21T16:44:46.308" >
    <step title="Executing external process" date="2025-10-21T16:44:46.595" type="process" path="git" arguments="rev-parse --git-dir" /><!-- duration: 248ms -->
    <step title="Executing external process" date="2025-10-21T16:44:46.862" type="process" path="git" arguments="rev-parse --git-dir" /><!-- duration: 81ms -->
    <step title="Executing external process" date="2025-10-21T16:44:46.971" type="process" path="git" arguments="log -n 1 main --" /><!-- duration: 155ms -->
    <step title="Start deployment in the background" date="2025-10-21T16:44:47.145" >
      <step title="Executing external process" date="2025-10-21T16:44:47.212" type="process" path="git" arguments="rev-parse --git-dir" /><!-- duration: 160ms -->
      <step title="Executing external process" date="2025-10-21T16:44:47.385" type="process" path="git" arguments="rev-parse --git-dir" /><!-- duration: 24ms -->
      <step title="Executing external process" date="2025-10-21T16:44:47.423" type="process" path="git" arguments="log -n 1 main --" /><!-- duration: 92ms -->
      <step title="Acquiring Deployment Lock" date="2025-10-21T16:44:47.527" /><!-- duration: 5ms -->
      <step title="Acquired Deployment Lock" date="2025-10-21T16:44:47.610" /><!-- duration: 9ms -->
    </step><!-- duration: 620ms -->
  </step><!-- duration: 1471ms -->
  <step title="Outgoing response" date="2025-10-21T16:44:47.785" type="response" statusCode="202" statusText="Accepted" /><!-- duration: 4ms -->
</step><!-- duration: 1620ms -->
