<step title="Incoming Request" date="2025-10-23T17:50:30.988" instance="b65d95" url="/deploy?scmType=ExternalGit&amp;isAsync=true" method="POST" type="request" pid="821,1,17" Host="digital-signage-backend-fxeuazanh7cqd7d7.scm.eastus-01.azurewebsites.net" User-Agent="Azure-WebSites-Controller/105.0.7.86" Authorization="Bas..." Expect="100-continue" Content-Length="86" x-ms-request-id="0b9d3f4f-e6ab-44bb-b679-d16cb5dbe059" X-ARR-LOG-ID="0b9d3f4f-e6ab-44bb-b679-d16cb5dbe059" CLIENT-IP="40.71.11.169:18977" X-SITE-DEPLOYMENT-ID="Digital-Signage-Backend" WAS-DEFAULT-HOSTNAME="digital-signage-backend-fxeuazanh7cqd7d7.scm.eastus-01.azurewebsites.net" X-MS-PLATFORM-INTERNAL="True" X-Forwarded-Proto="https" X-AppService-Proto="https" X-Forwarded-TlsVersion="1.3" X-WAWS-Unencoded-URL="/deploy?scmType=ExternalGit&amp;isAsync=true" X-Client-IP="40.71.11.169" X-Client-Port="18977" >
  <step title="Cleanup Xml Logs" date="2025-10-23T17:50:31.078" >
    <step title="Cleanup Infos" date="2025-10-23T17:50:31.202" totalFiles="276" totalCleanup="116" /><!-- duration: 91ms -->
  </step><!-- duration: 234ms -->
  <step title="FetchHandler" date="2025-10-23T17:50:31.345" >
    <step title="Executing external process" date="2025-10-23T17:50:32.540" type="process" path="git" arguments="rev-parse --git-dir" /><!-- duration: 997ms -->
    <step title="Executing external process" date="2025-10-23T17:50:33.743" type="process" path="git" arguments="rev-parse --git-dir" /><!-- duration: 125ms -->
    <step title="Executing external process" date="2025-10-23T17:50:33.937" type="process" path="git" arguments="log -n 1 main --" /><!-- duration: 915ms -->
    <step title="Start deployment in the background" date="2025-10-23T17:50:35.031" >
      <step title="Executing external process" date="2025-10-23T17:50:35.609" type="process" path="git" arguments="rev-parse --git-dir" /><!-- duration: 410ms -->
      <step title="Executing external process" date="2025-10-23T17:50:36.108" type="process" path="git" arguments="rev-parse --git-dir" /><!-- duration: 150ms -->
      <step title="Executing external process" date="2025-10-23T17:50:36.390" type="process" path="git" arguments="log -n 1 main --" /><!-- duration: 1182ms -->
      <step title="Acquiring Deployment Lock" date="2025-10-23T17:50:37.620" /><!-- duration: 22ms -->
      <step title="Acquired Deployment Lock" date="2025-10-23T17:50:38.595" /><!-- duration: 40ms -->
    </step><!-- duration: 4591ms -->
  </step><!-- duration: 8317ms -->
  <step title="Outgoing response" date="2025-10-23T17:50:39.711" type="response" statusCode="202" statusText="Accepted" /><!-- duration: 30ms -->
</step><!-- duration: 8865ms -->
