<step title="Incoming Request" date="2025-10-21T16:23:50.925" instance="37c775" url="/deploy?scmType=ExternalGit&amp;isAsync=true" method="POST" type="request" pid="827,1,48" Host="digital-signage-backend-fxeuazanh7cqd7d7.scm.eastus-01.azurewebsites.net" User-Agent="Azure-WebSites-Controller/105.0.7.86" Authorization="Bas..." Expect="100-continue" Content-Length="86" x-ms-request-id="7363ac46-0e82-4029-ac7e-b7f4b90091db" X-ARR-LOG-ID="7363ac46-0e82-4029-ac7e-b7f4b90091db" CLIENT-IP="40.71.11.169:18977" X-SITE-DEPLOYMENT-ID="Digital-Signage-Backend" WAS-DEFAULT-HOSTNAME="digital-signage-backend-fxeuazanh7cqd7d7.scm.eastus-01.azurewebsites.net" X-MS-PLATFORM-INTERNAL="True" X-Forwarded-Proto="https" X-AppService-Proto="https" X-Forwarded-TlsVersion="1.3" X-WAWS-Unencoded-URL="/deploy?scmType=ExternalGit&amp;isAsync=true" X-Client-IP="40.71.11.169" X-Client-Port="18977" >
  <step title="Cleanup Xml Logs" date="2025-10-21T16:23:50.932" >
    <step title="Cleanup Infos" date="2025-10-21T16:23:50.952" totalFiles="207" totalCleanup="47" /><!-- duration: 11ms -->
  </step><!-- duration: 42ms -->
  <step title="FetchHandler" date="2025-10-21T16:23:51.073" >
    <step title="Executing external process" date="2025-10-21T16:23:51.271" type="process" path="git" arguments="rev-parse --git-dir" /><!-- duration: 60ms -->
    <step title="Executing external process" date="2025-10-21T16:23:51.341" type="process" path="git" arguments="rev-parse --git-dir" /><!-- duration: 39ms -->
    <step title="Executing external process" date="2025-10-21T16:23:51.391" type="process" path="git" arguments="log -n 1 main --" /><!-- duration: 127ms -->
    <step title="Start deployment in the background" date="2025-10-21T16:23:51.541" >
      <step title="Executing external process" date="2025-10-21T16:23:51.622" type="process" path="git" arguments="rev-parse --git-dir" /><!-- duration: 41ms -->
      <step title="Executing external process" date="2025-10-21T16:23:51.726" type="process" path="git" arguments="rev-parse --git-dir" /><!-- duration: 47ms -->
      <step title="Executing external process" date="2025-10-21T16:23:51.785" type="process" path="git" arguments="log -n 1 main --" /><!-- duration: 67ms -->
      <step title="Acquiring Deployment Lock" date="2025-10-21T16:23:51.869" /><!-- duration: 5ms -->
      <step title="Acquired Deployment Lock" date="2025-10-21T16:23:51.912" /><!-- duration: 7ms -->
    </step><!-- duration: 657ms -->
  </step><!-- duration: 1132ms -->
  <step title="Outgoing response" date="2025-10-21T16:23:52.237" type="response" statusCode="202" statusText="Accepted" /><!-- duration: 4ms -->
</step><!-- duration: 1320ms -->
