<step title="BackgroundTrace" date="2025-10-17T15:07:59.594" instance="37c775" url="/deploy" method="POST" >
  <step title="Creating temporary deployment - FetchDeploymentManager" date="2025-10-17T15:07:59.941" /><!-- duration: 7ms -->
  <step title="Creating temporary deployment" date="2025-10-17T15:07:59.954" /><!-- duration: 110ms -->
  <step title="Performing fetch based deployment" date="2025-10-17T15:08:00.254" >
    <step title="Deployment timer started" date="2025-10-17T15:08:13.088" >
      <step title="DeploymentManager.Deploy(id:de2282edc08cb6775823e22f5bda4ecebba4a02c)" date="2025-10-17T15:08:13.111" >
        <step title="Collecting changeset information" date="2025-10-17T15:08:13.181" /><!-- duration: 207ms -->
        <step title="Updating submodules" date="2025-10-17T15:08:13.410" /><!-- duration: 1147ms -->
        <step title="Determining deployment builder" date="2025-10-17T15:08:14.878" >
          <step title="Builder is OryxBuilder" date="2025-10-17T15:08:14.897" /><!-- duration: 21ms -->
        </step><!-- duration: 53ms -->
        <step title="PreDeployment: context.CleanOutputPath False" date="2025-10-17T15:08:15.002" >
          <step title="PreDeployment: context.OutputPath /home/site/wwwroot" date="2025-10-17T15:08:15.192" >
            <step title="Building" date="2025-10-17T15:08:15.334" >
              <step title="Executing external process" date="2025-10-17T15:08:15.691" type="process" path="bash" arguments="-c &quot;oryx build /home/site/repository -o /home/site/wwwroot --platform nodejs --platform-version 22 -p virtualenv_name= --log-file /tmp/build-debug.log  -i /tmp/8de0d8eff1868e1 -p compress_node_modules=tar-gz | tee /tmp/oryx-build.log ; exit $PIPESTATUS &quot;" >
                <step title="Cpu: npm install(1658,41.110s)+build.sh(1555,0.020s)+oryx(1528,7.410s)+tee(1529,0.000s)+bash(1527,0.000s)=total(48.540s)" date="2025-10-17T15:10:48.893" /><!-- duration: 59ms -->
                <step title="bash: no io activity for 61s, prev-cpu=-1.000s, current-cpu=48.540s" date="2025-10-17T15:10:49.021" /><!-- duration: 18ms -->
                <step title="Cpu: gzip(1754,13.640s)+sh(1753,0.000s)+tar(1752,3.300s)+build.sh(1555,0.030s)+oryx(1528,7.590s)+tee(1529,0.000s)+bash(1527,0.000s)=total(24.560s)" date="2025-10-17T15:11:59.516" /><!-- duration: 51ms -->
                <step title="bash: no io activity for 61s, prev-cpu=-1.000s, current-cpu=24.560s" date="2025-10-17T15:11:59.759" /><!-- duration: 48ms -->
                <step title="Cpu: gzip(1754,16.060s)+sh(1753,0.000s)+tar(1752,4.020s)+build.sh(1555,0.030s)+oryx(1528,7.660s)+tee(1529,0.000s)+bash(1527,0.000s)=total(27.750s)" date="2025-10-17T15:13:04.515" /><!-- duration: 198ms -->
                <step title="bash: no io activity for 124s, prev-cpu=24.560s, current-cpu=27.750s" date="2025-10-17T15:13:05.197" /><!-- duration: 161ms -->
