<step title="Incoming Request" date="2025-10-21T18:48:06.062" instance="37c775" url="/deploy?scmType=ExternalGit&amp;isAsync=true" method="POST" type="request" pid="827,1,72" Host="digital-signage-backend-fxeuazanh7cqd7d7.scm.eastus-01.azurewebsites.net" User-Agent="Azure-WebSites-Controller/105.0.7.86" Authorization="Bas..." Expect="100-continue" Content-Length="86" x-ms-request-id="7769f344-229a-4ebc-9f97-c41e1594cf55" X-ARR-LOG-ID="7769f344-229a-4ebc-9f97-c41e1594cf55" CLIENT-IP="40.71.11.169:18977" X-SITE-DEPLOYMENT-ID="Digital-Signage-Backend" WAS-DEFAULT-HOSTNAME="digital-signage-backend-fxeuazanh7cqd7d7.scm.eastus-01.azurewebsites.net" X-MS-PLATFORM-INTERNAL="True" X-Forwarded-Proto="https" X-AppService-Proto="https" X-Forwarded-TlsVersion="1.3" X-WAWS-Unencoded-URL="/deploy?scmType=ExternalGit&amp;isAsync=true" X-Client-IP="40.71.11.169" X-Client-Port="18977" >
  <step title="Cleanup Xml Logs" date="2025-10-21T18:48:06.071" >
    <step title="Cleanup Infos" date="2025-10-21T18:48:06.090" totalFiles="220" totalCleanup="60" /><!-- duration: 34ms -->
  </step><!-- duration: 62ms -->
  <step title="FetchHandler" date="2025-10-21T18:48:06.152" >
    <step title="Executing external process" date="2025-10-21T18:48:06.275" type="process" path="git" arguments="rev-parse --git-dir" /><!-- duration: 122ms -->
    <step title="Executing external process" date="2025-10-21T18:48:06.406" type="process" path="git" arguments="rev-parse --git-dir" /><!-- duration: 19ms -->
    <step title="Executing external process" date="2025-10-21T18:48:06.435" type="process" path="git" arguments="log -n 1 main --" /><!-- duration: 117ms -->
    <step title="Start deployment in the background" date="2025-10-21T18:48:06.568" >
      <step title="Executing external process" date="2025-10-21T18:48:06.611" type="process" path="git" arguments="rev-parse --git-dir" /><!-- duration: 25ms -->
      <step title="Executing external process" date="2025-10-21T18:48:06.645" type="process" path="git" arguments="rev-parse --git-dir" /><!-- duration: 35ms -->
      <step title="Executing external process" date="2025-10-21T18:48:06.689" type="process" path="git" arguments="log -n 1 main --" /><!-- duration: 63ms -->
      <step title="Acquiring Deployment Lock" date="2025-10-21T18:48:06.759" /><!-- duration: 6ms -->
      <step title="Acquired Deployment Lock" date="2025-10-21T18:48:06.838" /><!-- duration: 5ms -->
    </step><!-- duration: 869ms -->
  </step><!-- duration: 1296ms -->
  <step title="Outgoing response" date="2025-10-21T18:48:07.455" type="response" statusCode="202" statusText="Accepted" /><!-- duration: 9ms -->
</step><!-- duration: 1416ms -->
