<step title="BackgroundTrace" date="2025-10-17T15:26:47.038" instance="37c775" url="/deploy" method="POST" >
  <step title="Creating temporary deployment - FetchDeploymentManager" date="2025-10-17T15:26:47.326" /><!-- duration: 5ms -->
  <step title="Creating temporary deployment" date="2025-10-17T15:26:47.337" /><!-- duration: 116ms -->
  <step title="Performing fetch based deployment" date="2025-10-17T15:26:47.645" >
    <step title="Deployment timer started" date="2025-10-17T15:27:18.747" >
      <step title="DeploymentManager.Deploy(id:bfe7e91e2a8866331a239dd5955518cccb3bf021)" date="2025-10-17T15:27:18.789" >
        <step title="Collecting changeset information" date="2025-10-17T15:27:18.919" /><!-- duration: 743ms -->
        <step title="Updating submodules" date="2025-10-17T15:27:19.723" /><!-- duration: 1983ms -->
        <step title="Determining deployment builder" date="2025-10-17T15:27:22.660" >
          <step title="Builder is OryxBuilder" date="2025-10-17T15:27:22.932" /><!-- duration: 49ms -->
        </step><!-- duration: 431ms -->
        <step title="PreDeployment: context.CleanOutputPath False" date="2025-10-17T15:27:23.402" >
          <step title="PreDeployment: context.OutputPath /home/site/wwwroot" date="2025-10-17T15:27:23.987" >
            <step title="Building" date="2025-10-17T15:27:24.632" >
              <step title="Executing external process" date="2025-10-17T15:27:25.847" type="process" path="bash" arguments="-c &quot;oryx build /home/site/repository -o /home/site/wwwroot --platform nodejs --platform-version 22 -p virtualenv_name= --log-file /tmp/build-debug.log  -i /tmp/8de0d91ab7a1c53 -p compress_node_modules=tar-gz | tee /tmp/oryx-build.log ; exit $PIPESTATUS &quot;" >
                <step title="Cpu: oryx(1106,6.780s)+tee(1107,0.000s)+bash(1105,0.000s)=total(6.780s)" date="2025-10-17T15:28:45.552" /><!-- duration: 60ms -->
                <step title="bash: no io activity for 60s, prev-cpu=-1.000s, current-cpu=6.780s" date="2025-10-17T15:28:45.641" /><!-- duration: 40ms -->
