<step title="BackgroundTrace" date="2025-10-21T19:23:31.602" instance="37c775" url="/deploy" method="POST" >
  <step title="Creating temporary deployment - FetchDeploymentManager" date="2025-10-21T19:23:31.975" /><!-- duration: 4ms -->
  <step title="Creating temporary deployment" date="2025-10-21T19:23:31.985" /><!-- duration: 127ms -->
  <step title="Performing fetch based deployment" date="2025-10-21T19:23:32.381" >
    <step title="Deployment timer started" date="2025-10-21T19:23:55.505" >
      <step title="DeploymentManager.Deploy(id:f806c4a71b91363600584ed6a1cc270235f3755a)" date="2025-10-21T19:23:55.546" >
        <step title="Collecting changeset information" date="2025-10-21T19:23:55.626" /><!-- duration: 232ms -->
        <step title="Updating submodules" date="2025-10-21T19:23:55.886" /><!-- duration: 1151ms -->
        <step title="Determining deployment builder" date="2025-10-21T19:23:57.309" >
          <step title="Builder is OryxBuilder" date="2025-10-21T19:23:57.327" /><!-- duration: 29ms -->
        </step><!-- duration: 78ms -->
        <step title="PreDeployment: context.CleanOutputPath False" date="2025-10-21T19:23:57.477" >
          <step title="PreDeployment: context.OutputPath /home/site/wwwroot" date="2025-10-21T19:23:57.653" >
            <step title="Building" date="2025-10-21T19:23:57.854" >
              <step title="Executing external process" date="2025-10-21T19:23:58.387" type="process" path="bash" arguments="-c &quot;oryx build /home/site/repository -o /home/site/wwwroot --platform nodejs --platform-version 22 -p virtualenv_name= --log-file /tmp/build-debug.log  -i /tmp/8de10d7618f72b4 -p compress_node_modules=tar-gz | tee /tmp/oryx-build.log ; exit $PIPESTATUS &quot;" >
                <step title="Cpu: npm install(77775,38.170s)+build.sh(77668,0.040s)+oryx(77644,7.550s)+tee(77645,0.000s)+bash(77643,0.010s)=total(45.580s)" date="2025-10-21T19:26:36.563" /><!-- duration: 246ms -->
                <step title="bash: no io activity for 60s, prev-cpu=-1.000s, current-cpu=45.580s" date="2025-10-21T19:26:36.959" /><!-- duration: 20ms -->
                <step title="Cpu: node(77880,23.980s)+sh(77879,0.000s)+npm exec tsc(77868,2.450s)+sh(77867,0.000s)+npm run build(77854,0.950s)+build.sh(77668,0.040s)+oryx(77644,7.840s)+tee(77645,0.000s)+bash(77643,0.010s)=total(35.220s)" date="2025-10-21T19:28:07.057" /><!-- duration: 110ms -->
                <step title="bash: no io activity for 61s, prev-cpu=-1.000s, current-cpu=35.220s" date="2025-10-21T19:28:07.388" /><!-- duration: 78ms -->
              </step><!-- duration: 325435ms -->
              <step title="Using GenericDeploymentLogParser" date="2025-10-21T19:29:24.527" /><!-- duration: 5ms -->
              <step title="Triggering recycle (preview mode disabled)." date="2025-10-21T19:29:26.172" /><!-- duration: 16ms -->
              <step title="Modified file to trigger a restart of the app container." date="2025-10-21T19:29:26.258" /><!-- duration: 6ms -->
              <step title="Skip function trigger and logicapp sync because function is not enabled." date="2025-10-21T19:29:26.288" /><!-- duration: 41ms -->
              <step title="Purge deployment items" date="2025-10-21T19:29:27.964" >
                <step title="Remove 14c337306, Success, received at 10/17/2025 13:34:00" date="2025-10-21T19:29:28.183" /><!-- duration: 26ms -->
              </step><!-- duration: 296ms -->
            </step><!-- duration: 330500ms -->
          </step><!-- duration: 330723ms -->
          <step title="Cleaning up temp files" date="2025-10-21T19:29:28.383" /><!-- duration: 4484ms -->
          <step title="Cleaning up temp files" date="2025-10-21T19:29:32.876" /><!-- duration: 596ms -->
          <step title="Reloading status file with latest updates" date="2025-10-21T19:29:33.882" >
            <step title="WebHooksManager.PublishEventAsync: PostDeployment" date="2025-10-21T19:29:33.963" /><!-- duration: 505ms -->
          </step><!-- duration: 593ms -->
          <step title="Cleaning up temporary deployment - fetch deployment was successful" date="2025-10-21T19:29:34.615" /><!-- duration: 17ms -->
        </step><!-- duration: 337527ms -->
      </step><!-- duration: 340393ms -->
