<step title="BackgroundTrace" date="2025-10-14T18:13:39.510" instance="37c775" url="/deploy" method="POST" >
  <step title="Creating temporary deployment - FetchDeploymentManager" date="2025-10-14T18:13:39.677" /><!-- duration: 4ms -->
  <step title="Creating temporary deployment" date="2025-10-14T18:13:39.686" /><!-- duration: 119ms -->
  <step title="Performing fetch based deployment" date="2025-10-14T18:13:40.007" >
    <step title="Deployment timer started" date="2025-10-14T18:13:43.188" >
      <step title="DeploymentManager.Deploy(id:d39c455c32de8f2dea5c7ebedf94c15b3bc952cb)" date="2025-10-14T18:13:43.196" >
        <step title="Collecting changeset information" date="2025-10-14T18:13:43.258" /><!-- duration: 156ms -->
        <step title="Updating submodules" date="2025-10-14T18:13:43.426" /><!-- duration: 1227ms -->
        <step title="Determining deployment builder" date="2025-10-14T18:13:44.963" >
          <step title="Builder is BasicBuilder" date="2025-10-14T18:13:44.971" /><!-- duration: 17ms -->
        </step><!-- duration: 39ms -->
        <step title="PreDeployment: context.CleanOutputPath False" date="2025-10-14T18:13:45.103" >
          <step title="PreDeployment: context.OutputPath /home/site/wwwroot" date="2025-10-14T18:13:45.271" >
            <step title="Building" date="2025-10-14T18:13:45.447" >
              <step title="Executing external process" date="2025-10-14T18:13:45.853" type="process" path="starter.sh" arguments="/opt/Kudu/Scripts/parallel_rsync.sh /home/site/repository /home/site/wwwroot 8 /tmp/ False True  " /><!-- duration: 17390ms -->
              <step title="Triggering recycle (preview mode disabled)." date="2025-10-14T18:14:03.715" /><!-- duration: 9ms -->
              <step title="Modified file to trigger a restart of the app container." date="2025-10-14T18:14:03.767" /><!-- duration: 17ms -->
              <step title="Skip function trigger and logicapp sync because function is not enabled." date="2025-10-14T18:14:03.823" /><!-- duration: 5ms -->
              <step title="Purge deployment items" date="2025-10-14T18:14:04.668" >
                <step title="Remove d5acc6479, Failed, received at 10/14/2025 18:08:46" date="2025-10-14T18:14:04.744" /><!-- duration: 4ms -->
              </step><!-- duration: 85ms -->
            </step><!-- duration: 19402ms -->
          </step><!-- duration: 19596ms -->
          <step title="Cleaning up temp files" date="2025-10-14T18:14:04.872" /><!-- duration: 4ms -->
          <step title="Cleaning up temp files" date="2025-10-14T18:14:04.881" /><!-- duration: 518ms -->
          <step title="Reloading status file with latest updates" date="2025-10-14T18:14:05.437" >
            <step title="WebHooksManager.PublishEventAsync: PostDeployment" date="2025-10-14T18:14:05.441" /><!-- duration: 40ms -->
          </step><!-- duration: 49ms -->
          <step title="Cleaning up temporary deployment - fetch deployment was successful" date="2025-10-14T18:14:05.494" /><!-- duration: 6ms -->
        </step><!-- duration: 20494ms -->
      </step><!-- duration: 22416ms -->
