<step title="BackgroundTrace" date="2025-10-21T17:46:43.104" instance="37c775" url="/deploy" method="POST" >
  <step title="Creating temporary deployment - FetchDeploymentManager" date="2025-10-21T17:46:43.752" /><!-- duration: 531ms -->
  <step title="Creating temporary deployment" date="2025-10-21T17:46:44.310" /><!-- duration: 175ms -->
  <step title="Performing fetch based deployment" date="2025-10-21T17:46:44.764" >
    <step title="Deployment timer started" date="2025-10-21T17:47:12.008" >
      <step title="DeploymentManager.Deploy(id:d6342e0556151c2c16003abbe6d40524259f8350)" date="2025-10-21T17:47:12.036" >
        <step title="Collecting changeset information" date="2025-10-21T17:47:12.200" /><!-- duration: 349ms -->
        <step title="Updating submodules" date="2025-10-21T17:47:12.612" /><!-- duration: 1315ms -->
        <step title="Determining deployment builder" date="2025-10-21T17:47:14.490" >
          <step title="Builder is OryxBuilder" date="2025-10-21T17:47:14.571" /><!-- duration: 60ms -->
        </step><!-- duration: 163ms -->
        <step title="PreDeployment: context.CleanOutputPath False" date="2025-10-21T17:47:15.016" >
          <step title="PreDeployment: context.OutputPath /home/site/wwwroot" date="2025-10-21T17:47:15.457" >
            <step title="Building" date="2025-10-21T17:47:15.897" >
              <step title="Executing external process" date="2025-10-21T17:47:17.306" type="process" path="bash" arguments="-c &quot;oryx build /home/site/repository -o /home/site/wwwroot --platform nodejs --platform-version 22 -p virtualenv_name= --log-file /tmp/build-debug.log  -i /tmp/8de10c9dee078a8 -p compress_node_modules=tar-gz | tee /tmp/oryx-build.log ; exit $PIPESTATUS &quot;" /><!-- duration: 248250ms -->
              <step title="Using GenericDeploymentLogParser" date="2025-10-21T17:51:26.167" /><!-- duration: 37ms -->
              <step title="Triggering recycle (preview mode disabled)." date="2025-10-21T17:51:28.908" /><!-- duration: 31ms -->
              <step title="Modified file to trigger a restart of the app container." date="2025-10-21T17:51:29.010" /><!-- duration: 13ms -->
              <step title="Skip function trigger and logicapp sync because function is not enabled." date="2025-10-21T17:51:29.051" /><!-- duration: 20ms -->
              <step title="Purge deployment items" date="2025-10-21T17:51:30.426" >
                <step title="Remove bbdd2ffd1, Success, received at 10/14/2025 19:42:30" date="2025-10-21T17:51:30.504" /><!-- duration: 5ms -->
              </step><!-- duration: 88ms -->
            </step><!-- duration: 254714ms -->
          </step><!-- duration: 255174ms -->
          <step title="Cleaning up temp files" date="2025-10-21T17:51:30.636" /><!-- duration: 5616ms -->
          <step title="Cleaning up temp files" date="2025-10-21T17:51:36.260" /><!-- duration: 568ms -->
          <step title="Reloading status file with latest updates" date="2025-10-21T17:51:36.861" >
            <step title="WebHooksManager.PublishEventAsync: PostDeployment" date="2025-10-21T17:51:36.868" /><!-- duration: 122ms -->
          </step><!-- duration: 134ms -->
          <step title="Cleaning up temporary deployment - fetch deployment was successful" date="2025-10-21T17:51:37.008" /><!-- duration: 4ms -->
        </step><!-- duration: 262065ms -->
      </step><!-- duration: 265115ms -->
