<step title="Incoming Request" date="2025-10-23T15:27:26.558" instance="37c775" url="/deploy?scmType=ExternalGit&amp;isAsync=true" method="POST" type="request" pid="827,1,88" Host="digital-signage-backend-fxeuazanh7cqd7d7.scm.eastus-01.azurewebsites.net" User-Agent="Azure-WebSites-Controller/105.0.7.86" Authorization="Bas..." Expect="100-continue" Content-Length="86" x-ms-request-id="cac9814b-ab54-451f-8b07-2f890248e7ff" X-ARR-LOG-ID="cac9814b-ab54-451f-8b07-2f890248e7ff" CLIENT-IP="40.71.11.169:20555" X-SITE-DEPLOYMENT-ID="Digital-Signage-Backend" WAS-DEFAULT-HOSTNAME="digital-signage-backend-fxeuazanh7cqd7d7.scm.eastus-01.azurewebsites.net" X-MS-PLATFORM-INTERNAL="True" X-Forwarded-Proto="https" X-AppService-Proto="https" X-Forwarded-TlsVersion="1.3" X-WAWS-Unencoded-URL="/deploy?scmType=ExternalGit&amp;isAsync=true" X-Client-IP="40.71.11.169" X-Client-Port="20555" >
  <step title="Cleanup Xml Logs" date="2025-10-23T15:27:26.563" >
    <step title="Cleanup Infos" date="2025-10-23T15:27:26.599" totalFiles="231" totalCleanup="71" /><!-- duration: 10ms -->
  </step><!-- duration: 67ms -->
  <step title="FetchHandler" date="2025-10-23T15:27:26.711" >
    <step title="Executing external process" date="2025-10-23T15:27:27.144" type="process" path="git" arguments="rev-parse --git-dir" /><!-- duration: 279ms -->
    <step title="Executing external process" date="2025-10-23T15:27:27.438" type="process" path="git" arguments="rev-parse --git-dir" /><!-- duration: 20ms -->
    <step title="Executing external process" date="2025-10-23T15:27:27.464" type="process" path="git" arguments="log -n 1 main --" /><!-- duration: 384ms -->
    <step title="Start deployment in the background" date="2025-10-23T15:27:27.890" >
      <step title="Executing external process" date="2025-10-23T15:27:27.974" type="process" path="git" arguments="rev-parse --git-dir" /><!-- duration: 34ms -->
      <step title="Executing external process" date="2025-10-23T15:27:28.017" type="process" path="git" arguments="rev-parse --git-dir" /><!-- duration: 21ms -->
      <step title="Executing external process" date="2025-10-23T15:27:28.058" type="process" path="git" arguments="log -n 1 main --" /><!-- duration: 94ms -->
      <step title="Acquiring Deployment Lock" date="2025-10-23T15:27:28.162" /><!-- duration: 5ms -->
      <step title="Acquired Deployment Lock" date="2025-10-23T15:27:28.204" /><!-- duration: 4ms -->
    </step><!-- duration: 465ms -->
  </step><!-- duration: 1649ms -->
  <step title="Outgoing response" date="2025-10-23T15:27:28.366" type="response" statusCode="202" statusText="Accepted" /><!-- duration: 16ms -->
</step><!-- duration: 1827ms -->
