<step title="Incoming Request" date="2025-10-21T16:34:59.852" instance="37c775" url="/deploy?scmType=ExternalGit&amp;isAsync=true" method="POST" type="request" pid="827,1,87" Host="digital-signage-backend-fxeuazanh7cqd7d7.scm.eastus-01.azurewebsites.net" User-Agent="Azure-WebSites-Controller/105.0.7.86" Authorization="Bas..." Expect="100-continue" Content-Length="86" x-ms-request-id="8276dee2-773e-4978-a94d-a4e19dc713ad" X-ARR-LOG-ID="8276dee2-773e-4978-a94d-a4e19dc713ad" CLIENT-IP="40.71.11.169:19906" X-SITE-DEPLOYMENT-ID="Digital-Signage-Backend" WAS-DEFAULT-HOSTNAME="digital-signage-backend-fxeuazanh7cqd7d7.scm.eastus-01.azurewebsites.net" X-MS-PLATFORM-INTERNAL="True" X-Forwarded-Proto="https" X-AppService-Proto="https" X-Forwarded-TlsVersion="1.3" X-WAWS-Unencoded-URL="/deploy?scmType=ExternalGit&amp;isAsync=true" X-Client-IP="40.71.11.169" X-Client-Port="19906" >
  <step title="Cleanup Xml Logs" date="2025-10-21T16:34:59.901" >
    <step title="Cleanup Infos" date="2025-10-21T16:34:59.929" totalFiles="209" totalCleanup="49" /><!-- duration: 39ms -->
  </step><!-- duration: 75ms -->
  <step title="FetchHandler" date="2025-10-21T16:35:00.000" >
    <step title="Executing external process" date="2025-10-21T16:35:00.157" type="process" path="git" arguments="rev-parse --git-dir" /><!-- duration: 88ms -->
    <step title="Executing external process" date="2025-10-21T16:35:00.251" type="process" path="git" arguments="rev-parse --git-dir" /><!-- duration: 30ms -->
    <step title="Executing external process" date="2025-10-21T16:35:00.289" type="process" path="git" arguments="log -n 1 main --" /><!-- duration: 128ms -->
    <step title="Start deployment in the background" date="2025-10-21T16:35:00.428" >
      <step title="Executing external process" date="2025-10-21T16:35:00.468" type="process" path="git" arguments="rev-parse --git-dir" /><!-- duration: 39ms -->
      <step title="Executing external process" date="2025-10-21T16:35:00.519" type="process" path="git" arguments="rev-parse --git-dir" /><!-- duration: 24ms -->
      <step title="Executing external process" date="2025-10-21T16:35:00.550" type="process" path="git" arguments="log -n 1 main --" /><!-- duration: 84ms -->
      <step title="Acquiring Deployment Lock" date="2025-10-21T16:35:00.645" /><!-- duration: 4ms -->
      <step title="Acquired Deployment Lock" date="2025-10-21T16:35:00.720" /><!-- duration: 4ms -->
    </step><!-- duration: 451ms -->
  </step><!-- duration: 887ms -->
  <step title="Outgoing response" date="2025-10-21T16:35:00.896" type="response" statusCode="202" statusText="Accepted" /><!-- duration: 13ms -->
</step><!-- duration: 1070ms -->
