<step title="BackgroundTrace" date="2025-10-14T19:35:46.693" instance="37c775" url="/deploy" method="POST" >
  <step title="Creating temporary deployment - FetchDeploymentManager" date="2025-10-14T19:35:48.181" /><!-- duration: 20ms -->
  <step title="Creating temporary deployment" date="2025-10-14T19:35:48.224" /><!-- duration: 310ms -->
  <step title="Performing fetch based deployment" date="2025-10-14T19:35:49.582" >
    <step title="Deployment timer started" date="2025-10-14T19:36:19.684" >
      <step title="DeploymentManager.Deploy(id:6203a113b4a2ea6c9711042b78146487e0da4e5d)" date="2025-10-14T19:36:19.717" >
        <step title="Collecting changeset information" date="2025-10-14T19:36:19.835" /><!-- duration: 283ms -->
        <step title="Updating submodules" date="2025-10-14T19:36:20.137" /><!-- duration: 1267ms -->
        <step title="Determining deployment builder" date="2025-10-14T19:36:21.949" >
          <step title="Builder is OryxBuilder" date="2025-10-14T19:36:21.989" /><!-- duration: 69ms -->
        </step><!-- duration: 130ms -->
        <step title="PreDeployment: context.CleanOutputPath False" date="2025-10-14T19:36:22.351" >
          <step title="PreDeployment: context.OutputPath /home/site/wwwroot" date="2025-10-14T19:36:22.743" >
            <step title="Building" date="2025-10-14T19:36:23.146" >
              <step title="Executing external process" date="2025-10-14T19:36:24.121" type="process" path="bash" arguments="-c &quot;oryx build /home/site/repository -o /home/site/wwwroot --platform nodejs --platform-version 22 -p virtualenv_name= --log-file /tmp/build-debug.log  -i /tmp/8de0b58f48a04b6 -p compress_node_modules=tar-gz | tee /tmp/oryx-build.log ; exit $PIPESTATUS &quot;" 