<step title="Incoming Request" date="2025-10-23T18:38:27.870" instance="b65d95" url="/deploy?scmType=ExternalGit&amp;isAsync=true" method="POST" type="request" pid="825,1,35" Host="digital-signage-backend-fxeuazanh7cqd7d7.scm.eastus-01.azurewebsites.net" User-Agent="Azure-WebSites-Controller/105.0.7.86" Authorization="Bas..." Expect="100-continue" Content-Length="86" x-ms-request-id="37e34574-8a57-439d-a3e3-c933bc57151d" X-ARR-LOG-ID="37e34574-8a57-439d-a3e3-c933bc57151d" CLIENT-IP="40.71.11.169:15754" X-SITE-DEPLOYMENT-ID="Digital-Signage-Backend" WAS-DEFAULT-HOSTNAME="digital-signage-backend-fxeuazanh7cqd7d7.scm.eastus-01.azurewebsites.net" X-MS-PLATFORM-INTERNAL="True" X-Forwarded-Proto="https" X-AppService-Proto="https" X-Forwarded-TlsVersion="1.3" X-WAWS-Unencoded-URL="/deploy?scmType=ExternalGit&amp;isAsync=true" X-Client-IP="40.71.11.169" X-Client-Port="15754" >
  <step title="Cleanup Xml Logs" date="2025-10-23T18:38:27.878" >
    <step title="Cleanup Infos" date="2025-10-23T18:38:27.893" totalFiles="316" totalCleanup="156" /><!-- duration: 7ms -->
  </step><!-- duration: 26ms -->
  <step title="FetchHandler" date="2025-10-23T18:38:27.949" >
    <step title="GitExeRepository.Initialize" date="2025-10-23T18:38:28.119" >
      <step title="Executing external process" date="2025-10-23T18:38:28.134" type="process" path="git" arguments="init" /><!-- duration: 356ms -->
      <step title="Executing external process" date="2025-10-23T18:38:28.496" type="process" path="git" arguments="config core.autocrlf false" /><!-- duration: 25ms -->
      <step title="Executing external process" date="2025-10-23T18:38:28.526" type="process" path="git" arguments="config core.preloadindex true" /><!-- duration: 27ms -->
      <step title="Executing external process" date="2025-10-23T18:38:28.559" type="process" path="git" arguments="config user.name &quot;unknown&quot;" /><!-- duration: 79ms -->
      <step title="Executing external process" date="2025-10-23T18:38:28.652" type="process" path="git" arguments="config user.email &quot;unknown&quot;" /><!-- duration: 48ms -->
      <step title="Executing external process" date="2025-10-23T18:38:28.730" type="process" path="git" arguments="config filter.lfs.clean &quot;git-lfs clean %f&quot;" /><!-- duration: 27ms -->
      <step title="Executing external process" date="2025-10-23T18:38:28.761" type="process" path="git" arguments="config filter.lfs.smudge &quot;git-lfs smudge %f&quot;" /><!-- duration: 30ms -->
      <step title="Executing external process" date="2025-10-23T18:38:28.795" type="process" path="git" arguments="config filter.lfs.required true" /><!-- duration: 68ms -->
      <step title="Configure git server" date="2025-10-23T18:38:28.873" >
        <step title="Executing external process" date="2025-10-23T18:38:28.891" type="process" path="git" arguments="config receive.denyCurrentBranch ignore" /><!-- duration: 73ms -->
      </step><!-- duration: 94ms -->
      <step title="Create deny users for .git folder" date="2025-10-23T18:38:28.974" /><!-- duration: 35ms -->
      <step title="Configure git-credential" date="2025-10-23T18:38:29.014" >
        <step title="Executing external process" date="2025-10-23T18:38:29.033" type="process" path="git" arguments="config credential.helper &quot;!&apos;/home/site/repository/.git/hooks/git-credential-invalid.sh&apos;&quot;" /><!-- duration: 34ms -->
      </step><!-- duration: 62ms -->
      <step title="Setup post receive hook" date="2025-10-23T18:38:29.080" >
        <step title="Non-Windows enviroment, granting 755 permission to post-receive hook file" date="2025-10-23T18:38:29.102" /><!-- duration: 35ms -->
      </step><!-- duration: 62ms -->
    </step><!-- duration: 1026ms -->
    <step title="Executing external process" date="2025-10-23T18:38:29.150" type="process" path="git" arguments="log -n 1 main --" >
      <step title="Process dump" date="2025-10-23T18:38:29.184" exitCode="128" type="processOutput" /><!-- duration: 5ms -->
    </step><!-- duration: 42ms -->
    <step title="Start deployment in the background" date="2025-10-23T18:38:29.219" >
      <step title="Executing external process" date="2025-10-23T18:38:29.257" type="process" path="git" arguments="rev-parse --git-dir" /><!-- duration: 42ms -->
      <step title="Executing external process" date="2025-10-23T18:38:29.341" type="process" path="git" arguments="rev-parse --git-dir" /><!-- duration: 19ms -->
      <step title="Executing external process" date="2025-10-23T18:38:29.389" type="process" path="git" arguments="log -n 1 main --" >
        <step title="Process dump" date="2025-10-23T18:38:29.442" exitCode="128" type="processOutput" /><!-- duration: 5ms -->
      </step><!-- duration: 63ms -->
      <step title="Acquiring Deployment Lock" date="2025-10-23T18:38:29.485" /><!-- duration: 5ms -->
      <step title="Acquired Deployment Lock" date="2025-10-23T18:38:29.568" /><!-- duration: 24ms -->
    </step><!-- duration: 486ms -->
  </step><!-- duration: 1763ms -->
  <step title="Outgoing response" date="2025-10-23T18:38:29.718" type="response" statusCode="202" statusText="Accepted" /><!-- duration: 4ms -->
</step><!-- duration: 1856ms -->
