<step title="Incoming Request" date="2025-10-23T18:19:32.427" instance="b65d95" url="/api/deployments/latest?deployer=GitHub&amp;time=2025-10-23_18-19-32Z" method="GET" type="request" pid="823,1,15" Host="digital-signage-backend-fxeuazanh7cqd7d7.scm.eastus-01.azurewebsites.net" User-Agent="Azure-WebSites-Controller/105.0.7.86" Authorization="Bas..." x-ms-request-id="5c801cfe-56a8-447a-bc4d-183076fcde0e" X-ARR-LOG-ID="5c801cfe-56a8-447a-bc4d-183076fcde0e" CLIENT-IP="40.71.11.169:18978" X-SITE-DEPLOYMENT-ID="Digital-Signage-Backend" WAS-DEFAULT-HOSTNAME="digital-signage-backend-fxeuazanh7cqd7d7.scm.eastus-01.azurewebsites.net" X-MS-PLATFORM-INTERNAL="True" X-Forwarded-Proto="https" X-AppService-Proto="https" X-Forwarded-TlsVersion="1.3" X-WAWS-Unencoded-URL="/api/deployments/latest?deployer=GitHub&amp;time=2025-10-23_18-19-32Z" X-Client-IP="40.71.11.169" X-Client-Port="18978" >
  <step title="Cleanup Xml Logs" date="2025-10-23T18:19:32.448" >
    <step title="Cleanup Infos" date="2025-10-23T18:19:32.658" totalFiles="289" totalCleanup="129" /><!-- duration: 40ms -->
  </step><!-- duration: 263ms -->
  <step title="DeploymentService.GetResult" date="2025-10-23T18:19:32.812" >
    <step title="DeploymentService.GetLatestDeployment" date="2025-10-23T18:19:32.910" >
      <step title="DeploymentManager.GetResults" date="2025-10-23T18:19:32.940" /><!-- duration: 2872ms -->
    </step><!-- duration: 2982ms -->
  </step><!-- duration: 3152ms -->
  <step title="Outgoing response" date="2025-10-23T18:19:36.044" type="response" statusCode="202" statusText="Accepted" /><!-- duration: 19ms -->
</step><!-- duration: 3657ms -->
