<step title="BackgroundTrace" date="2025-10-21T18:48:06.590" instance="37c775" url="/deploy" method="POST" >
  <step title="Creating temporary deployment - FetchDeploymentManager" date="2025-10-21T18:48:06.847" /><!-- duration: 5ms -->
  <step title="Creating temporary deployment" date="2025-10-21T18:48:06.875" /><!-- duration: 489ms -->
  <step title="Performing fetch based deployment" date="2025-10-21T18:48:07.704" >
    <step title="Deployment timer started" date="2025-10-21T18:48:35.302" >
      <step title="DeploymentManager.Deploy(id:af31262fa758b7dced66a585c4beeab541b4633d)" date="2025-10-21T18:48:35.324" >
        <step title="Collecting changeset information" date="2025-10-21T18:48:35.396" /><!-- duration: 149ms -->
        <step title="Updating submodules" date="2025-10-21T18:48:35.557" /><!-- duration: 1179ms -->
        <step title="Determining deployment builder" date="2025-10-21T18:48:37.014" >
          <step title="Builder is OryxBuilder" date="2025-10-21T18:48:37.050" /><!-- duration: 27ms -->
        </step><!-- duration: 106ms -->
        <step title="PreDeployment: context.CleanOutputPath False" date="2025-10-21T18:48:37.216" >
          <step title="PreDeployment: context.OutputPath /home/site/wwwroot" date="2025-10-21T18:48:37.372" >
            <step title="Building" date="2025-10-21T18:48:37.598" >
              <step title="Executing external process" date="2025-10-21T18:48:38.290" type="process" path="bash" arguments="-c &quot;oryx build /home/site/repository -o /home/site/wwwroot --platform nodejs --platform-version 22 -p virtualenv_name= --log-file /tmp/build-debug.log  -i /tmp/8de10d271c997de -p compress_node_modules=tar-gz | tee /tmp/oryx-build.log ; exit $PIPESTATUS &quot;" >
                <step title="Cpu: npm install(76771,40.290s)+build.sh(76668,0.050s)+oryx(76641,7.550s)+tee(76642,0.000s)+bash(76640,0.000s)=total(47.850s)" date="2025-10-21T18:51:15.978" /><!-- duration: 113ms -->
                <step title="bash: no io activity for 61s, prev-cpu=-1.000s, current-cpu=47.850s" date="2025-10-21T18:51:16.243" /><!-- duration: 29ms -->
                <step title="Cpu: node(76876,30.830s)+sh(76875,0.000s)+npm exec tsc(76864,2.200s)+sh(76863,0.000s)+npm run build(76851,0.580s)+build.sh(76668,0.050s)+oryx(76641,7.810s)+tee(76642,0.000s)+bash(76640,0.000s)=total(41.390s)" date="2025-10-21T18:52:32.948" /><!-- duration: 129ms -->
                <step title="bash: no io activity for 61s, prev-cpu=-1.000s, current-cpu=41.390s" date="2025-10-21T18:52:33.320" /><!-- duration: 49ms -->
              </step><!-- duration: 296293ms -->
              <step title="Using GenericDeploymentLogParser" date="2025-10-21T18:53:35.204" /><!-- duration: 8ms -->
              <step title="Triggering recycle (preview mode disabled)." date="2025-10-21T18:53:36.926" /><!-- duration: 16ms -->
              <step title="Modified file to trigger a restart of the app container." date="2025-10-21T18:53:37.010" /><!-- duration: 7ms -->
              <step title="Skip function trigger and logicapp sync because function is not enabled." date="2025-10-21T18:53:37.029" /><!-- duration: 20ms -->
              <step title="Purge deployment items" date="2025-10-21T18:53:39.077" >
                <step title="Remove 7d3b2179f, Success, received at 10/15/2025 13:06:31" date="2025-10-21T18:53:39.270" /><!-- duration: 6ms -->
              </step><!-- duration: 207ms -->
            </step><!-- duration: 301795ms -->
          </step><!-- duration: 302047ms -->
          <step title="Cleaning up temp files" date="2025-10-21T18:53:39.426" /><!-- duration: 7474ms -->
          <step title="Cleaning up temp files" date="2025-10-21T18:53:46.924" /><!-- duration: 521ms -->
          <step title="Reloading status file with latest updates" date="2025-10-21T18:53:47.477" >
            <step title="WebHooksManager.PublishEventAsync: PostDeployment" date="2025-10-21T18:53:47.495" /><!-- duration: 707ms -->
          </step><!-- duration: 743ms -->
          <step title="Cleaning up temporary deployment - fetch deployment was successful" date="2025-10-21T18:53:48.250" /><!-- duration: 11ms -->
        </step><!-- duration: 311184ms -->
      </step><!-- duration: 314023ms -->
