<step title="Incoming Request" date="2025-10-23T16:05:31.133" instance="b65d95" url="/deploy?scmType=ExternalGit&amp;isAsync=true" method="POST" type="request" pid="823,1,3" Host="digital-signage-backend-fxeuazanh7cqd7d7.scm.eastus-01.azurewebsites.net" User-Agent="Azure-WebSites-Controller/105.0.7.86" Authorization="Bas..." Expect="100-continue" Content-Length="86" x-ms-request-id="29f78ac9-f563-4d42-887e-8652bda7f2d5" X-ARR-LOG-ID="29f78ac9-f563-4d42-887e-8652bda7f2d5" CLIENT-IP="40.71.11.169:18977" X-SITE-DEPLOYMENT-ID="Digital-Signage-Backend" WAS-DEFAULT-HOSTNAME="digital-signage-backend-fxeuazanh7cqd7d7.scm.eastus-01.azurewebsites.net" X-MS-PLATFORM-INTERNAL="True" X-Forwarded-Proto="https" X-AppService-Proto="https" X-Forwarded-TlsVersion="1.3" X-WAWS-Unencoded-URL="/deploy?scmType=ExternalGit&amp;isAsync=true" X-Client-IP="40.71.11.169" X-Client-Port="18977" >
  <step title="Cleanup Xml Logs" date="2025-10-23T16:05:31.137" >
    <step title="Cleanup Infos" date="2025-10-23T16:05:31.148" totalFiles="258" totalCleanup="98" /><!-- duration: 6ms -->
  </step><!-- duration: 26ms -->
  <step title="FetchHandler" date="2025-10-23T16:05:31.172" >
    <step title="Executing external process" date="2025-10-23T16:05:31.246" type="process" path="git" arguments="rev-parse --git-dir" /><!-- duration: 73ms -->
    <step title="Executing external process" date="2025-10-23T16:05:31.328" type="process" path="git" arguments="rev-parse --git-dir" /><!-- duration: 16ms -->
    <step title="Executing external process" date="2025-10-23T16:05:31.350" type="process" path="git" arguments="log -n 1 main --" /><!-- duration: 107ms -->
    <step title="Start deployment in the background" date="2025-10-23T16:05:31.472" >
      <step title="Executing external process" date="2025-10-23T16:05:31.581" type="process" path="git" arguments="rev-parse --git-dir" /><!-- duration: 101ms -->
      <step title="Executing external process" date="2025-10-23T16:05:31.701" type="process" path="git" arguments="rev-parse --git-dir" /><!-- duration: 50ms -->
      <step title="Executing external process" date="2025-10-23T16:05:31.760" type="process" path="git" arguments="log -n 1 main --" /><!-- duration: 31ms -->
      <step title="Acquiring Deployment Lock" date="2025-10-23T16:05:31.796" /><!-- duration: 5ms -->
      <step title="Cannot Acquire Deployment Lock already held" date="2025-10-23T16:05:31.812" /><!-- duration: 5ms -->
    </step><!-- duration: 454ms -->
  </step><!-- duration: 774ms -->
  <step title="Outgoing response" date="2025-10-23T16:05:31.968" type="response" statusCode="202" statusText="Accepted" /><!-- duration: 10ms -->
</step><!-- duration: 849ms -->
