<step title="BackgroundTrace" date="2025-10-23T17:28:27.510" instance="b65d95" url="/deploy" method="POST" >
  <step title="Creating temporary deployment - FetchDeploymentManager" date="2025-10-23T17:28:27.789" /><!-- duration: 4ms -->
  <step title="Creating temporary deployment" date="2025-10-23T17:28:27.808" /><!-- duration: 119ms -->
  <step title="Performing fetch based deployment" date="2025-10-23T17:28:29.271" >
    <step title="Deployment timer started" date="2025-10-23T17:28:47.767" >
      <step title="DeploymentManager.Deploy(id:510e05404dda27513227f66f2eb04b77ee670691)" date="2025-10-23T17:28:47.776" >
        <step title="Collecting changeset information" date="2025-10-23T17:28:47.835" /><!-- duration: 157ms -->
        <step title="Updating submodules" date="2025-10-23T17:28:47.999" /><!-- duration: 1143ms -->
        <step title="Determining deployment builder" date="2025-10-23T17:28:49.405" >
          <step title="Builder is OryxBuilder" date="2025-10-23T17:28:49.426" /><!-- duration: 38ms -->
        </step><!-- duration: 80ms -->
        <step title="PreDeployment: context.CleanOutputPath False" date="2025-10-23T17:28:49.565" >
          <step title="PreDeployment: context.OutputPath /home/site/wwwroot" date="2025-10-23T17:28:49.724" >
            <step title="Building" date="2025-10-23T17:28:49.894" >
              <step title="Executing external process" date="2025-10-23T17:28:50.337" type="process" path="bash" arguments="-c &quot;oryx build /home/site/repository -o /home/site/wwwroot --platform nodejs --platform-version 22 -p virtualenv_name= --log-file /tmp/build-debug.log  -i /tmp/8de1259a0f5da93 -p compress_node_modules=tar-gz | tee /tmp/oryx-build.log ; exit $PIPESTATUS &quot;" /><!-- duration: 220929ms -->
              <step title="Using GenericDeploymentLogParser" date="2025-10-23T17:32:31.823" /><!-- duration: 6ms -->
              <step title="Triggering recycle (preview mode disabled)." date="2025-10-23T17:32:33.331" /><!-- duration: 22ms -->
              <step title="Modified file to trigger a restart of the app container." date="2025-10-23T17:32:33.465" /><!-- duration: 4ms -->
              <step title="Skip function trigger and logicapp sync because function is not enabled." date="2025-10-23T17:32:33.494" /><!-- duration: 12ms -->
              <step title="Purge deployment items" date="2025-10-23T17:32:34.873" >
                <step title="Remove fdf3fd481, Success, received at 10/17/2025 14:34:49" date="2025-10-23T17:32:34.951" /><!-- duration: 4ms -->
              </step><!-- duration: 87ms -->
            </step><!-- duration: 225161ms -->
          </step><!-- duration: 225353ms -->
          <step title="Cleaning up temp files" date="2025-10-23T17:32:35.080" /><!-- duration: 3659ms -->
          <step title="Cleaning up temp files" date="2025-10-23T17:32:38.753" /><!-- duration: 518ms -->
          <step title="Reloading status file with latest updates" date="2025-10-23T17:32:39.307" >
            <step title="WebHooksManager.PublishEventAsync: PostDeployment" date="2025-10-23T17:32:39.360" /><!-- duration: 177ms -->
          </step><!-- duration: 281ms -->
          <step title="Cleaning up temporary deployment - fetch deployment was successful" date="2025-10-23T17:32:39.631" /><!-- duration: 50ms -->
        </step><!-- duration: 230666ms -->
      </step><!-- duration: 232805ms -->
