<step title="BackgroundTrace" date="2025-10-23T18:38:29.227" instance="b65d95" url="/deploy" method="POST" >
  <step title="Creating temporary deployment - FetchDeploymentManager" date="2025-10-23T18:38:29.596" /><!-- duration: 3ms -->
  <step title="Creating temporary deployment" date="2025-10-23T18:38:29.606" /><!-- duration: 94ms -->
  <step title="Performing fetch based deployment" date="2025-10-23T18:38:30.058" >
    <step title="Deployment timer started" date="2025-10-23T18:38:42.449" >
      <step title="DeploymentManager.Deploy(id:fb6fabbe2d0e44e20bf4540f735a63b45e4e7d73)" date="2025-10-23T18:38:42.457" >
        <step title="Collecting changeset information" date="2025-10-23T18:38:42.501" /><!-- duration: 143ms -->
        <step title="Updating submodules" date="2025-10-23T18:38:42.650" /><!-- duration: 1172ms -->
        <step title="Determining deployment builder" date="2025-10-23T18:38:44.108" >
          <step title="Builder is OryxBuilder" date="2025-10-23T18:38:44.115" /><!-- duration: 20ms -->
        </step><!-- duration: 33ms -->
        <step title="PreDeployment: context.CleanOutputPath False" date="2025-10-23T18:38:44.212" >
          <step title="PreDeployment: context.OutputPath /home/site/wwwroot" date="2025-10-23T18:38:44.459" >
            <step title="Building" date="2025-10-23T18:38:44.625" >
              <step title="Executing external process" date="2025-10-23T18:38:45.004" type="process" path="bash" arguments="-c &quot;oryx build /home/site/repository -o /home/site/wwwroot --platform nodejs --platform-version 22 -p virtualenv_name= --log-file /tmp/build-debug.log  -i /tmp/8de12636529af72 -p compress_node_modules=tar-gz | tee /tmp/oryx-build.log ; exit $PIPESTATUS &quot;" >
                <step title="Cpu: npm install(1378,43.870s)+build.sh(1250,0.070s)+oryx(1231,5.530s)+tee(1232,0.000s)+bash(1230,0.000s)=total(49.330s)" date="2025-10-23T18:41:03.353" /><!-- duration: 39ms -->
                <step title="bash: no io activity for 61s, prev-cpu=-1.000s, current-cpu=49.330s" date="2025-10-23T18:41:03.575" /><!-- duration: 69ms -->
                <step title="Cpu: node(1492,16.460s)+sh(1491,0.000s)+npm exec tsc(1475,2.740s)+sh(1474,0.010s)+npm run build(1463,0.750s)+build.sh(1250,0.070s)+oryx(1231,6.420s)+tee(1232,0.000s)+bash(1230,0.000s)=total(26.380s)" date="2025-10-23T18:42:06.420" /><!-- duration: 30ms -->
                <step title="bash: no io activity for 61s, prev-cpu=-1.000s, current-cpu=26.380s" date="2025-10-23T18:42:06.547" /><!-- duration: 91ms -->
              </step><!-- duration: 305767ms -->
              <step title="Using GenericDeploymentLogParser" date="2025-10-23T18:43:51.373" /><!-- duration: 11ms -->
              <step title="Triggering recycle (preview mode disabled)." date="2025-10-23T18:43:53.351" /><!-- duration: 11ms -->
              <step title="Modified file to trigger a restart of the app container." date="2025-10-23T18:43:53.406" /><!-- duration: 5ms -->
              <step title="Skip function trigger and logicapp sync because function is not enabled." date="2025-10-23T18:43:53.445" /><!-- duration: 3ms -->
              <step title="Purge deployment items" date="2025-10-23T18:43:54.779" >
                <step title="Remove temp-04ff, Failed, received at 10/23/2025 17:50:39" date="2025-10-23T18:43:55.700" /><!-- duration: 18ms -->
                <step title="Remove e1e2a2937, Success, received at 10/17/2025 16:53:14" date="2025-10-23T18:43:55.775" /><!-- duration: 3ms -->
              </step><!-- duration: 1002ms -->
            </step><!-- duration: 311252ms -->
          </step><!-- duration: 311448ms -->
          <step title="Cleaning up temp files" date="2025-10-23T18:43:55.911" /><!-- duration: 4343ms -->
          <step title="Cleaning up temp files" date="2025-10-23T18:44:00.257" /><!-- duration: 540ms -->
          <step title="Reloading status file with latest updates" date="2025-10-23T18:44:00.841" >
            <step title="WebHooksManager.PublishEventAsync: PostDeployment" date="2025-10-23T18:44:00.850" /><!-- duration: 146ms -->
          </step><!-- duration: 160ms -->
          <step title="Cleaning up temporary deployment - fetch deployment was successful" date="2025-10-23T18:44:01.012" /><!-- duration: 4ms -->
        </step><!-- duration: 316869ms -->
      </step><!-- duration: 318671ms -->
