<step title="Incoming Request" date="2025-10-23T18:20:02.141" instance="b65d95" url="/api/deployments/latest?deployer=GitHub&amp;time=2025-10-23_18-19-32Z" method="GET" type="request" pid="823,1,5" Host="digital-signage-backend-fxeuazanh7cqd7d7.scm.eastus-01.azurewebsites.net" User-Agent="Azure-WebSites-Controller/105.0.7.86" Authorization="Bas..." x-ms-request-id="5c801cfe-56a8-447a-bc4d-183076fcde0e" X-ARR-LOG-ID="5c801cfe-56a8-447a-bc4d-183076fcde0e" CLIENT-IP="40.71.11.169:18978" X-SITE-DEPLOYMENT-ID="Digital-Signage-Backend" WAS-DEFAULT-HOSTNAME="digital-signage-backend-fxeuazanh7cqd7d7.scm.eastus-01.azurewebsites.net" X-MS-PLATFORM-INTERNAL="True" X-Forwarded-Proto="https" X-AppService-Proto="https" X-Forwarded-TlsVersion="1.3" X-WAWS-Unencoded-URL="/api/deployments/latest?deployer=GitHub&amp;time=2025-10-23_18-19-32Z" X-Client-IP="40.71.11.169" X-Client-Port="18978" >
  <step title="Cleanup Xml Logs" date="2025-10-23T18:20:02.163" >
    <step title="Cleanup Infos" date="2025-10-23T18:20:02.263" totalFiles="297" totalCleanup="137" /><!-- duration: 50ms -->
  </step><!-- duration: 219ms -->
  <step title="DeploymentService.GetResult" date="2025-10-23T18:20:02.432" >
    <step title="DeploymentService.GetLatestDeployment" date="2025-10-23T18:20:02.451" >
      <step title="DeploymentManager.GetResults" date="2025-10-23T18:20:02.785" /><!-- duration: 6990ms -->
    </step><!-- duration: 7617ms -->
  </step><!-- duration: 9294ms -->
  <step title="Outgoing response" date="2025-10-23T18:20:11.997" type="response" statusCode="200" statusText="OK" /><!-- duration: 138ms -->
</step><!-- duration: 10018ms -->
