<step title="BackgroundTrace" date="2025-10-21T19:14:49.962" instance="37c775" url="/deploy" method="POST" >
  <step title="Creating temporary deployment - FetchDeploymentManager" date="2025-10-21T19:14:50.437" /><!-- duration: 4ms -->
  <step title="Creating temporary deployment" date="2025-10-21T19:14:50.448" /><!-- duration: 148ms -->
  <step title="Performing fetch based deployment" date="2025-10-21T19:14:51.086" >
    <step title="Deployment timer started" date="2025-10-21T19:15:14.680" >
      <step title="DeploymentManager.Deploy(id:e3a6b1d8b8a2d2bec5c6f056a2ed6401454c90c1)" date="2025-10-21T19:15:14.691" >
        <step title="Collecting changeset information" date="2025-10-21T19:15:14.800" /><!-- duration: 128ms -->
        <step title="Updating submodules" date="2025-10-21T19:15:14.939" /><!-- duration: 1180ms -->
        <step title="Determining deployment builder" date="2025-10-21T19:15:16.424" >
          <step title="Builder is OryxBuilder" date="2025-10-21T19:15:16.466" /><!-- duration: 9ms -->
        </step><!-- duration: 64ms -->
        <step title="PreDeployment: context.CleanOutputPath False" date="2025-10-21T19:15:16.600" >
          <step title="PreDeployment: context.OutputPath /home/site/wwwroot" date="2025-10-21T19:15:16.747" >
            <step title="Building" date="2025-10-21T19:15:16.924" >
              <step title="Executing external process" date="2025-10-21T19:15:17.451" type="process" path="bash" arguments="-c &quot;oryx build /home/site/repository -o /home/site/wwwroot --platform nodejs --platform-version 22 -p virtualenv_name= --log-file /tmp/build-debug.log  -i /tmp/8de10d62b15aa23 -p compress_node_modules=tar-gz | tee /tmp/oryx-build.log ; exit $PIPESTATUS &quot;" >
                <step title="Cpu: npm install(77396,35.300s)+build.sh(77290,0.050s)+oryx(77264,7.750s)+tee(77265,0.000s)+bash(77263,0.010s)=total(43.090s)" date="2025-10-21T19:17:50.670" /><!-- duration: 31ms -->
                <step title="bash: no io activity for 61s, prev-cpu=-1.000s, current-cpu=43.090s" date="2025-10-21T19:17:50.871" /><!-- duration: 51ms -->
              </step><!-- duration: 282522ms -->
              <step title="Using GenericDeploymentLogParser" date="2025-10-21T19:20:00.727" /><!-- duration: 6ms -->
              <step title="Triggering recycle (preview mode disabled)." date="2025-10-21T19:20:05.359" /><!-- duration: 7ms -->
              <step title="Modified file to trigger a restart of the app container." date="2025-10-21T19:20:05.444" /><!-- duration: 5ms -->
              <step title="Skip function trigger and logicapp sync because function is not enabled." date="2025-10-21T19:20:05.456" /><!-- duration: 12ms -->
              <step title="Purge deployment items" date="2025-10-21T19:20:07.129" >
                <step title="Remove 6d7703112, Success, received at 10/15/2025 13:48:02" date="2025-10-21T19:20:07.393" /><!-- duration: 58ms -->
              </step><!-- duration: 344ms -->
            </step><!-- duration: 290752ms -->
          </step><!-- duration: 290982ms -->
          <step title="Cleaning up temp files" date="2025-10-21T19:20:07.736" /><!-- duration: 12932ms -->
          <step title="Cleaning up temp files" date="2025-10-21T19:20:20.709" /><!-- duration: 532ms -->
          <step title="Reloading status file with latest updates" date="2025-10-21T19:20:21.331" >
            <step title="WebHooksManager.PublishEventAsync: PostDeployment" date="2025-10-21T19:20:21.352" /><!-- duration: 352ms -->
          </step><!-- duration: 402ms -->
          <step title="Cleaning up temporary deployment - fetch deployment was successful" date="2025-10-21T19:20:21.804" /><!-- duration: 20ms -->
        </step><!-- duration: 305368ms -->
      </step><!-- duration: 307737ms -->
