<step title="BackgroundTrace" date="2025-10-17T14:34:32.614" instance="37c775" url="/deploy" method="POST" >
  <step title="Creating temporary deployment - FetchDeploymentManager" date="2025-10-17T14:34:32.869" /><!-- duration: 6ms -->
  <step title="Creating temporary deployment" date="2025-10-17T14:34:32.884" /><!-- duration: 124ms -->
  <step title="Performing fetch based deployment" date="2025-10-17T14:34:33.288" >
    <step title="Deployment timer started" date="2025-10-17T14:34:49.029" >
      <step title="DeploymentManager.Deploy(id:fdf3fd48115ffd681ccda3985bfc2aa231006876)" date="2025-10-17T14:34:49.036" >
        <step title="Collecting changeset information" date="2025-10-17T14:34:49.102" /><!-- duration: 167ms -->
        <step title="Updating submodules" date="2025-10-17T14:34:49.279" /><!-- duration: 1192ms -->
        <step title="Determining deployment builder" date="2025-10-17T14:34:50.994" >
          <step title="Builder is OryxBuilder" date="2025-10-17T14:34:51.016" /><!-- duration: 68ms -->
        </step><!-- duration: 111ms -->
        <step title="PreDeployment: context.CleanOutputPath False" date="2025-10-17T14:34:51.245" >
          <step title="PreDeployment: context.OutputPath /home/site/wwwroot" date="2025-10-17T14:34:51.451" >
            <step title="Building" date="2025-10-17T14:34:51.711" >
              <step title="Executing external process" date="2025-10-17T14:34:52.312" type="process" path="bash" arguments="-c &quot;oryx build /home/site/repository -o /home/site/wwwroot --platform nodejs --platform-version 22 -p virtualenv_name= --log-file /tmp/build-debug.log  -i /tmp/8de0d8a54bc1709 -p compress_node_modules=tar-gz | tee /tmp/oryx-build.log ; exit $PIPESTATUS &quot;" /><!-- duration: 184425ms -->
              <step title="Using GenericDeploymentLogParser" date="2025-10-17T14:37:57.255" /><!-- duration: 7ms -->
              <step title="Triggering recycle (preview mode disabled)." date="2025-10-17T14:37:58.731" /><!-- duration: 22ms -->
              <step title="Modified file to trigger a restart of the app container." date="2025-10-17T14:37:58.795" /><!-- duration: 5ms -->
              <step title="Skip function trigger and logicapp sync because function is not enabled." date="2025-10-17T14:37:58.844" /><!-- duration: 9ms -->
              <step title="Purge deployment items" date="2025-10-17T14:38:00.215" >
                <step title="Remove 07d2f345d, Success, received at 10/14/2025 16:45:49" date="2025-10-17T14:38:00.302" /><!-- duration: 6ms -->
              </step><!-- duration: 99ms -->
            </step><!-- duration: 188712ms -->
          </step><!-- duration: 189001ms -->
          <step title="Cleaning up temp files" date="2025-10-17T14:38:00.457" /><!-- duration: 5798ms -->
          <step title="Cleaning up temp files" date="2025-10-17T14:38:06.336" /><!-- duration: 584ms -->
          <step title="Reloading status file with latest updates" date="2025-10-17T14:38:07.033" >
            <step title="WebHooksManager.PublishEventAsync: PostDeployment" date="2025-10-17T14:38:07.101" /><!-- duration: 423ms -->
          </step><!-- duration: 552ms -->
          <step title="Cleaning up temporary deployment - fetch deployment was successful" date="2025-10-17T14:38:07.725" /><!-- duration: 29ms -->
        </step><!-- duration: 196802ms -->
        <step title="Performing fetch based deployment" date="2025-10-17T14:38:08.088" >
          <step title="Deployment timer started" date="2025-10-17T14:39:09.472" >
            <step title="DeploymentManager.Deploy(id:86e3d9a77e79f4896d7953a6d6c84b6ba5a666cb)" date="2025-10-17T14:39:09.514" >
              <step title="Collecting changeset information" date="2025-10-17T14:39:09.614" /><!-- duration: 165ms -->
              <step title="Updating submodules" date="2025-10-17T14:39:09.788" /><!-- duration: 1170ms -->
              <step title="Determining deployment builder" date="2025-10-17T14:39:12.182" >
                <step title="Builder is OryxBuilder" date="2025-10-17T14:39:12.207" /><!-- duration: 33ms -->
              </step><!-- duration: 74ms -->
              <step title="PreDeployment: context.CleanOutputPath False" date="2025-10-17T14:39:12.337" >
                <step title="PreDeployment: context.OutputPath /home/site/wwwroot" date="2025-10-17T14:39:12.492" >
                  <step title="Building" date="2025-10-17T14:39:12.676" >
                    <step title="Executing external process" date="2025-10-17T14:39:13.358" type="process" path="bash" arguments="-c &quot;oryx build /home/site/repository -o /home/site/wwwroot --platform nodejs --platform-version 22 -p virtualenv_name= --log-file /tmp/build-debug.log  -i /tmp/8de0d8af060cb9e -p compress_node_modules=tar-gz | tee /tmp/oryx-build.log ; exit $PIPESTATUS &quot;" >
                      <step title="Error occurred" date="2025-10-17T14:43:09.246" type="error" text="GetParentProcessLinux (1637) failed.: Could not find a part of the path &apos;/proc/1637/stat&apos;." stackTrace="   at Interop.ThrowExceptionForIoErrno(ErrorInfo errorInfo, String path, Boolean isDirError)
   at Microsoft.Win32.SafeHandles.SafeFileHandle.Open(String fullPath, FileMode mode, FileAccess access, FileShare share, FileOptions options, Int64 preallocationSize, UnixFileMode openPermissions, Int64&amp; fileLength, UnixFileMode&amp; filePermissions, Boolean failForSymlink, Boolean&amp; wasSymlink, Func`4 createOpenException)
   at System.IO.Strategies.OSFileStreamStrategy..ctor(String path, FileMode mode, FileAccess access, FileShare share, FileOptions options, Int64 preallocationSize, Nullable`1 unixCreateMode)
   at System.IO.StreamReader.ValidateArgsAndOpenPath(String path, Encoding encoding, Int32 bufferSize)
   at System.IO.File.ReadLines(String path)
   at Kudu.Core.Infrastructure.ProcessExtensions.GetParentProcessLinux(Process process, ITracer tracer) in /tmp/KuduLite/Kudu.Core/Infrastructure/ProcessExtensions.cs:line 155" /><!-- duration: 230ms -->
                      <step title="Cpu: gzip(1618,5.080s)+sh(1617,0.000s)+tar(1616,1.370s)+build.sh(1414,0.020s)+oryx(1387,8.340s)+tee(1388,0.000s)+bash(1386,0.000s)=total(14.800s)" date="2025-10-17T14:43:12.295" /><!-- duration: 31ms -->
                      <step title="bash: no io activity for 61s, prev-cpu=-1.000s, current-cpu=14.800s" date="2025-10-17T14:43:12.487" /><!-- duration: 32ms -->
