<step title="BackgroundTrace" date="2025-10-24T13:25:56.599" instance="875718" url="/deploy" method="POST" >
  <step title="Cleanup Xml Logs" date="2025-10-24T13:25:56.606" >
    <step title="Cleanup Infos" date="2025-10-24T13:25:56.662" totalFiles="345" totalCleanup="185" /><!-- duration: 7ms -->
  </step><!-- duration: 68ms -->
  <step title="Creating temporary deployment - FetchDeploymentManager" date="2025-10-24T13:25:58.391" /><!-- duration: 8ms -->
  <step title="Creating temporary deployment" date="2025-10-24T13:25:58.409" /><!-- duration: 726ms -->
  <step title="Performing fetch based deployment" date="2025-10-24T13:25:59.576" >
    <step title="Deployment timer started" date="2025-10-24T13:26:27.754" >
      <step title="DeploymentManager.Deploy(id:d1ec32acd30f1b72817a30732f9b03b187ffc43c)" date="2025-10-24T13:26:27.766" >
        <step title="Collecting changeset information" date="2025-10-24T13:26:27.827" /><!-- duration: 231ms -->
        <step title="Updating submodules" date="2025-10-24T13:26:28.107" /><!-- duration: 1238ms -->
        <step title="Determining deployment builder" date="2025-10-24T13:26:29.791" >
          <step title="Builder is BasicBuilder" date="2025-10-24T13:26:29.815" /><!-- duration: 21ms -->
        </step><!-- duration: 53ms -->
        <step title="PreDeployment: context.CleanOutputPath False" date="2025-10-24T13:26:29.977" >
          <step title="PreDeployment: context.OutputPath /home/site/wwwroot" date="2025-10-24T13:26:30.153" >
            <step title="Building" date="2025-10-24T13:26:30.372" >
              <step title="Executing external process" date="2025-10-24T13:26:30.761" type="process" path="starter.sh" arguments="/opt/Kudu/Scripts/parallel_rsync.sh /home/site/repository /home/site/wwwroot 8 /tmp/ False True  " /><!-- duration: 64208ms -->
              <step title="Triggering recycle (preview mode disabled)." date="2025-10-24T13:27:45.419" /><!-- duration: 39ms -->
              <step title="Modified file to trigger a restart of the app container." date="2025-10-24T13:27:47.673" /><!-- duration: 58ms -->
              <step title="Skip function trigger and logicapp sync because function is not enabled." date="2025-10-24T13:27:48.902" /><!-- duration: 165ms -->
              <step title="Purge deployment items" date="2025-10-24T13:29:05.290" >
                <step title="Remove 85cf86d8e, Success, received at 10/21/2025 17:27:53" date="2025-10-24T13:29:12.132" /><!-- duration: 121ms -->
              </step><!-- duration: 7106ms -->
            </step><!-- duration: 162358ms -->
          </step><!-- duration: 164140ms -->
          <step title="Cleaning up temp files" date="2025-10-24T13:29:14.321" /><!-- duration: 492ms -->
          <step title="Cleaning up temp files" date="2025-10-24T13:29:14.875" /><!-- duration: 753ms -->
          <step title="Reloading status file with latest updates" date="2025-10-24T13:29:16.149" >
            <step title="WebHooksManager.PublishEventAsync: PostDeployment" date="2025-10-24T13:29:16.946" /><!-- duration: 3336ms -->
          </step><!-- duration: 4154ms -->
          <step title="Cleaning up temporary deployment - fetch deployment was successful" date="2025-10-24T13:29:20.961" /><!-- duration: 9ms -->
        </step><!-- duration: 171094ms -->
      </step><!-- duration: 174858ms -->
