<step title="Incoming Request" date="2025-10-21T17:46:42.253" instance="37c775" url="/deploy?scmType=ExternalGit&amp;isAsync=true" method="POST" type="request" pid="827,1,73" Host="digital-signage-backend-fxeuazanh7cqd7d7.scm.eastus-01.azurewebsites.net" User-Agent="Azure-WebSites-Controller/105.0.7.86" Authorization="Bas..." Expect="100-continue" Content-Length="86" x-ms-request-id="d93bf391-04a5-4a51-84e6-aeb012b7b688" X-ARR-LOG-ID="d93bf391-04a5-4a51-84e6-aeb012b7b688" CLIENT-IP="40.71.11.169:24835" X-SITE-DEPLOYMENT-ID="Digital-Signage-Backend" WAS-DEFAULT-HOSTNAME="digital-signage-backend-fxeuazanh7cqd7d7.scm.eastus-01.azurewebsites.net" X-MS-PLATFORM-INTERNAL="True" X-Forwarded-Proto="https" X-AppService-Proto="https" X-Forwarded-TlsVersion="1.3" X-WAWS-Unencoded-URL="/deploy?scmType=ExternalGit&amp;isAsync=true" X-Client-IP="40.71.11.169" X-Client-Port="24835" >
  <step title="Cleanup Xml Logs" date="2025-10-21T17:46:42.262" >
    <step title="Cleanup Infos" date="2025-10-21T17:46:42.321" totalFiles="218" totalCleanup="58" /><!-- duration: 21ms -->
  </step><!-- duration: 90ms -->
  <step title="FetchHandler" date="2025-10-21T17:46:42.394" >
    <step title="Executing external process" date="2025-10-21T17:46:42.546" type="process" path="git" arguments="rev-parse --git-dir" /><!-- duration: 236ms -->
    <step title="Executing external process" date="2025-10-21T17:46:42.811" type="process" path="git" arguments="rev-parse --git-dir" /><!-- duration: 38ms -->
    <step title="Executing external process" date="2025-10-21T17:46:42.877" type="process" path="git" arguments="log -n 1 main --" /><!-- duration: 151ms -->
    <step title="Start deployment in the background" date="2025-10-21T17:46:43.061" >
      <step title="Executing external process" date="2025-10-21T17:46:43.148" type="process" path="git" arguments="rev-parse --git-dir" /><!-- duration: 106ms -->
      <step title="Executing external process" date="2025-10-21T17:46:43.296" type="process" path="git" arguments="rev-parse --git-dir" /><!-- duration: 290ms -->
      <step title="Executing external process" date="2025-10-21T17:46:43.601" type="process" path="git" arguments="log -n 1 main --" /><!-- duration: 90ms -->
      <step title="Acquiring Deployment Lock" date="2025-10-21T17:46:43.697" /><!-- duration: 4ms -->
      <step title="Acquired Deployment Lock" date="2025-10-21T17:46:43.742" /><!-- duration: 5ms -->
    </step><!-- duration: 1430ms -->
  </step><!-- duration: 2105ms -->
  <step title="Outgoing response" date="2025-10-21T17:46:44.505" type="response" statusCode="202" statusText="Accepted" /><!-- duration: 6ms -->
</step><!-- duration: 2262ms -->
