<step title="Incoming Request" date="2025-10-23T15:53:27.067" instance="b65d95" url="/deploy?scmType=ExternalGit&amp;isAsync=true" method="POST" type="request" pid="825,1,27" Host="digital-signage-backend-fxeuazanh7cqd7d7.scm.eastus-01.azurewebsites.net" User-Agent="Azure-WebSites-Controller/105.0.7.86" Authorization="Bas..." Expect="100-continue" Content-Length="86" x-ms-request-id="cbd4d81d-d4b6-4cd3-8c7e-7a16f5c59029" X-ARR-LOG-ID="cbd4d81d-d4b6-4cd3-8c7e-7a16f5c59029" CLIENT-IP="40.71.11.169:15757" X-SITE-DEPLOYMENT-ID="Digital-Signage-Backend" WAS-DEFAULT-HOSTNAME="digital-signage-backend-fxeuazanh7cqd7d7.scm.eastus-01.azurewebsites.net" X-MS-PLATFORM-INTERNAL="True" X-Forwarded-Proto="https" X-AppService-Proto="https" X-Forwarded-TlsVersion="1.3" X-WAWS-Unencoded-URL="/deploy?scmType=ExternalGit&amp;isAsync=true" X-Client-IP="40.71.11.169" X-Client-Port="15757" >
  <step title="Cleanup Xml Logs" date="2025-10-23T15:53:27.080" >
    <step title="Cleanup Infos" date="2025-10-23T15:53:27.102" totalFiles="246" totalCleanup="86" /><!-- duration: 12ms -->
  </step><!-- duration: 42ms -->
  <step title="FetchHandler" date="2025-10-23T15:53:27.153" >
    <step title="Executing external process" date="2025-10-23T15:53:27.252" type="process" path="git" arguments="rev-parse --git-dir" /><!-- duration: 69ms -->
    <step title="Executing external process" date="2025-10-23T15:53:27.331" type="process" path="git" arguments="rev-parse --git-dir" /><!-- duration: 21ms -->
    <step title="Executing external process" date="2025-10-23T15:53:27.357" type="process" path="git" arguments="log -n 1 main --" /><!-- duration: 135ms -->
    <step title="Start deployment in the background" date="2025-10-23T15:53:27.504" >
      <step title="Executing external process" date="2025-10-23T15:53:27.543" type="process" path="git" arguments="rev-parse --git-dir" /><!-- duration: 48ms -->
      <step title="Executing external process" date="2025-10-23T15:53:27.595" type="process" path="git" arguments="rev-parse --git-dir" /><!-- duration: 46ms -->
      <step title="Executing external process" date="2025-10-23T15:53:27.671" type="process" path="git" arguments="log -n 1 main --" /><!-- duration: 60ms -->
      <step title="Acquiring Deployment Lock" date="2025-10-23T15:53:27.736" /><!-- duration: 7ms -->
      <step title="Cannot Acquire Deployment Lock already held" date="2025-10-23T15:53:27.761" /><!-- duration: 4ms -->
    </step><!-- duration: 391ms -->
  </step><!-- duration: 773ms -->
  <step title="Outgoing response" date="2025-10-23T15:53:27.930" type="response" statusCode="202" statusText="Accepted" /><!-- duration: 7ms -->
</step><!-- duration: 873ms -->
