<step title="BackgroundTrace" date="2025-10-21T19:45:30.671" instance="37c775" url="/deploy" method="POST" >
  <step title="Creating temporary deployment - FetchDeploymentManager" date="2025-10-21T19:45:31.071" /><!-- duration: 4ms -->
  <step title="Creating temporary deployment" date="2025-10-21T19:45:31.098" /><!-- duration: 152ms -->
  <step title="Performing fetch based deployment" date="2025-10-21T19:45:31.546" >
    <step title="Deployment timer started" date="2025-10-21T19:45:55.465" >
      <step title="DeploymentManager.Deploy(id:5a6d801328fd11b75bc998336485eecf7676c69f)" date="2025-10-21T19:45:55.503" >
        <step title="Collecting changeset information" date="2025-10-21T19:45:55.592" /><!-- duration: 191ms -->
        <step title="Updating submodules" date="2025-10-21T19:45:55.791" /><!-- duration: 1514ms -->
        <step title="Determining deployment builder" date="2025-10-21T19:45:57.547" >
          <step title="Builder is OryxBuilder" date="2025-10-21T19:45:57.555" /><!-- duration: 8ms -->
        </step><!-- duration: 55ms -->
        <step title="PreDeployment: context.CleanOutputPath False" date="2025-10-21T19:45:57.689" >
          <step title="PreDeployment: context.OutputPath /home/site/wwwroot" date="2025-10-21T19:45:57.858" >
            <step title="Building" date="2025-10-21T19:45:58.070" >
              <step title="Executing external process" date="2025-10-21T19:45:58.534" type="process" path="bash" arguments="-c &quot;oryx build /home/site/repository -o /home/site/wwwroot --platform nodejs --platform-version 22 -p virtualenv_name= --log-file /tmp/build-debug.log  -i /tmp/8de10da7479e3a1 -p compress_node_modules=tar-gz | tee /tmp/oryx-build.log ; exit $PIPESTATUS &quot;" /><!-- duration: 279242ms -->
              <step title="Using GenericDeploymentLogParser" date="2025-10-21T19:50:38.755" /><!-- duration: 5ms -->
              <step title="Triggering recycle (preview mode disabled)." date="2025-10-21T19:50:40.407" /><!-- duration: 16ms -->
              <step title="Modified file to trigger a restart of the app container." date="2025-10-21T19:50:40.570" /><!-- duration: 30ms -->
              <step title="Skip function trigger and logicapp sync because function is not enabled." date="2025-10-21T19:50:40.651" /><!-- duration: 20ms -->
              <step title="Purge deployment items" date="2025-10-21T19:50:42.209" >
                <step title="Remove d9665ef38, Success, received at 10/17/2025 13:45:09" date="2025-10-21T19:50:42.311" /><!-- duration: 4ms -->
              </step><!-- duration: 114ms -->
            </step><!-- duration: 284367ms -->
          </step><!-- duration: 284597ms -->
          <step title="Cleaning up temp files" date="2025-10-21T19:50:42.460" /><!-- duration: 4366ms -->
          <step title="Cleaning up temp files" date="2025-10-21T19:50:46.836" /><!-- duration: 518ms -->
          <step title="Reloading status file with latest updates" date="2025-10-21T19:50:47.421" >
            <step title="WebHooksManager.PublishEventAsync: PostDeployment" date="2025-10-21T19:50:47.489" /><!-- duration: 202ms -->
          </step><!-- duration: 275ms -->
          <step title="Cleaning up temporary deployment - fetch deployment was successful" date="2025-10-21T19:50:47.884" /><!-- duration: 22ms -->
        </step><!-- duration: 290379ms -->
      </step><!-- duration: 293060ms -->
