<step title="Incoming Request" date="2025-10-17T16:00:36.299" instance="37c775" url="/deploy?scmType=ExternalGit&amp;isAsync=true" method="POST" type="request" pid="827,1,43" Host="digital-signage-backend-fxeuazanh7cqd7d7.scm.eastus-01.azurewebsites.net" User-Agent="Azure-WebSites-Controller/105.0.7.86" Authorization="Bas..." Expect="100-continue" Content-Length="86" x-ms-request-id="2faefc08-b39d-4efe-a851-668cb38f3b63" X-ARR-LOG-ID="2faefc08-b39d-4efe-a851-668cb38f3b63" CLIENT-IP="40.71.11.169:19906" X-SITE-DEPLOYMENT-ID="Digital-Signage-Backend" WAS-DEFAULT-HOSTNAME="digital-signage-backend-fxeuazanh7cqd7d7.scm.eastus-01.azurewebsites.net" X-MS-PLATFORM-INTERNAL="True" X-Forwarded-Proto="https" X-AppService-Proto="https" X-Forwarded-TlsVersion="1.3" X-WAWS-Unencoded-URL="/deploy?scmType=ExternalGit&amp;isAsync=true" X-Client-IP="40.71.11.169" X-Client-Port="19906" >
  <step title="Cleanup Xml Logs" date="2025-10-17T16:00:36.308" /><!-- duration: 17ms -->
  <step title="FetchHandler" date="2025-10-17T16:00:36.364" >
    <step title="Executing external process" date="2025-10-17T16:00:36.581" type="process" path="git" arguments="rev-parse --git-dir" /><!-- duration: 120ms -->
    <step title="Executing external process" date="2025-10-17T16:00:36.714" type="process" path="git" arguments="rev-parse --git-dir" /><!-- duration: 25ms -->
    <step title="Executing external process" date="2025-10-17T16:00:36.749" type="process" path="git" arguments="log -n 1 main --" /><!-- duration: 101ms -->
    <step title="Start deployment in the background" date="2025-10-17T16:00:36.867" >
      <step title="Executing external process" date="2025-10-17T16:00:36.983" type="process" path="git" arguments="rev-parse --git-dir" /><!-- duration: 28ms -->
      <step title="Executing external process" date="2025-10-17T16:00:37.020" type="process" path="git" arguments="rev-parse --git-dir" /><!-- duration: 19ms -->
      <step title="Executing external process" date="2025-10-17T16:00:37.048" type="process" path="git" arguments="log -n 1 main --" /><!-- duration: 81ms -->
      <step title="Acquiring Deployment Lock" date="2025-10-17T16:00:37.141" /><!-- duration: 6ms -->
      <step title="Acquired Deployment Lock" date="2025-10-17T16:00:37.236" /><!-- duration: 7ms -->
    </step><!-- duration: 540ms -->
  </step><!-- duration: 1049ms -->
  <step title="Outgoing response" date="2025-10-17T16:00:37.426" type="response" statusCode="202" statusText="Accepted" /><!-- duration: 4ms -->
</step><!-- duration: 1135ms -->
