<step title="Incoming Request" date="2025-10-24T13:25:45.236" instance="875718" url="/deploy?scmType=ExternalGit&amp;isAsync=true" method="POST" type="request" pid="825,1,27" Host="digital-signage-backend-fxeuazanh7cqd7d7.scm.eastus-01.azurewebsites.net" User-Agent="Azure-WebSites-Controller/105.0.7.86" Authorization="Bas..." Expect="100-continue" Content-Length="86" x-ms-request-id="ec6b57ef-4bd4-40fa-9912-982b12a22b9c" X-ARR-LOG-ID="ec6b57ef-4bd4-40fa-9912-982b12a22b9c" CLIENT-IP="40.71.11.169:24832" X-SITE-DEPLOYMENT-ID="Digital-Signage-Backend" WAS-DEFAULT-HOSTNAME="digital-signage-backend-fxeuazanh7cqd7d7.scm.eastus-01.azurewebsites.net" X-MS-PLATFORM-INTERNAL="True" X-Forwarded-Proto="https" X-AppService-Proto="https" X-Forwarded-TlsVersion="1.3" X-WAWS-Unencoded-URL="/deploy?scmType=ExternalGit&amp;isAsync=true" X-Client-IP="40.71.11.169" X-Client-Port="24832" >
  <step title="Cleanup Xml Logs" date="2025-10-24T13:25:45.356" >
    <step title="Cleanup Infos" date="2025-10-24T13:25:45.432" totalFiles="344" totalCleanup="184" /><!-- duration: 72ms -->
  </step><!-- duration: 186ms -->
  <step title="FetchHandler" date="2025-10-24T13:25:46.049" >
    <step title="Executing external process" date="2025-10-24T13:25:47.685" type="process" path="git" arguments="rev-parse --git-dir" /><!-- duration: 1602ms -->
    <step title="Executing external process" date="2025-10-24T13:25:49.355" type="process" path="git" arguments="rev-parse --git-dir" /><!-- duration: 150ms -->
    <step title="Executing external process" date="2025-10-24T13:25:49.516" type="process" path="git" arguments="log -n 1 main --" /><!-- duration: 6907ms -->
    <step title="Start deployment in the background" date="2025-10-24T13:25:56.478" >
      <step title="Executing external process" date="2025-10-24T13:25:57.157" type="process" path="git" arguments="rev-parse --git-dir" /><!-- duration: 89ms -->
      <step title="Executing external process" date="2025-10-24T13:25:57.266" type="process" path="git" arguments="rev-parse --git-dir" /><!-- duration: 75ms -->
      <step title="Executing external process" date="2025-10-24T13:25:57.355" type="process" path="git" arguments="log -n 1 main --" /><!-- duration: 138ms -->
      <step title="Acquiring Deployment Lock" date="2025-10-24T13:25:57.588" /><!-- duration: 29ms -->
      <step title="Acquired Deployment Lock" date="2025-10-24T13:25:58.380" /><!-- duration: 4ms -->
    </step><!-- duration: 2687ms -->
  </step><!-- duration: 13135ms -->
  <step title="Outgoing response" date="2025-10-24T13:25:59.200" type="response" statusCode="202" statusText="Accepted" /><!-- duration: 12ms -->
</step><!-- duration: 13993ms -->
