<step title="Incoming Request" date="2025-10-21T15:52:15.349" instance="37c775" url="/deploy?scmType=ExternalGit&amp;isAsync=true" method="POST" type="request" pid="827,1,89" Host="digital-signage-backend-fxeuazanh7cqd7d7.scm.eastus-01.azurewebsites.net" User-Agent="Azure-WebSites-Controller/105.0.7.86" Authorization="Bas..." Expect="100-continue" Content-Length="86" x-ms-request-id="9f10d643-e84b-4afa-8d7e-b1177f977c75" X-ARR-LOG-ID="9f10d643-e84b-4afa-8d7e-b1177f977c75" CLIENT-IP="40.71.11.169:19905" X-SITE-DEPLOYMENT-ID="Digital-Signage-Backend" WAS-DEFAULT-HOSTNAME="digital-signage-backend-fxeuazanh7cqd7d7.scm.eastus-01.azurewebsites.net" X-MS-PLATFORM-INTERNAL="True" X-Forwarded-Proto="https" X-AppService-Proto="https" X-Forwarded-TlsVersion="1.3" X-WAWS-Unencoded-URL="/deploy?scmType=ExternalGit&amp;isAsync=true" X-Client-IP="40.71.11.169" X-Client-Port="19905" >
  <step title="Cleanup Xml Logs" date="2025-10-21T15:52:15.361" >
    <step title="Cleanup Infos" date="2025-10-21T15:52:15.430" totalFiles="203" totalCleanup="43" /><!-- duration: 41ms -->
  </step><!-- duration: 129ms -->
  <step title="FetchHandler" date="2025-10-21T15:52:15.852" >
    <step title="Executing external process" date="2025-10-21T15:52:17.170" type="process" path="git" arguments="rev-parse --git-dir" /><!-- duration: 550ms -->
    <step title="Executing external process" date="2025-10-21T15:52:17.764" type="process" path="git" arguments="rev-parse --git-dir" /><!-- duration: 158ms -->
    <step title="Executing external process" date="2025-10-21T15:52:17.954" type="process" path="git" arguments="log -n 1 main --" /><!-- duration: 1055ms -->
    <step title="Start deployment in the background" date="2025-10-21T15:52:19.200" >
      <step title="Executing external process" date="2025-10-21T15:52:19.954" type="process" path="git" arguments="rev-parse --git-dir" /><!-- duration: 161ms -->
      <step title="Executing external process" date="2025-10-21T15:52:20.236" type="process" path="git" arguments="rev-parse --git-dir" /><!-- duration: 99ms -->
      <step title="Executing external process" date="2025-10-21T15:52:20.376" type="process" path="git" arguments="log -n 1 main --" /><!-- duration: 564ms -->
      <step title="Acquiring Deployment Lock" date="2025-10-21T15:52:21.070" /><!-- duration: 61ms -->
      <step title="Acquired Deployment Lock" date="2025-10-21T15:52:21.413" /><!-- duration: 48ms -->
    </step><!-- duration: 2816ms -->
  </step><!-- duration: 6202ms -->
  <step title="Outgoing response" date="2025-10-21T15:52:22.067" type="response" statusCode="202" statusText="Accepted" /><!-- duration: 21ms -->
</step><!-- duration: 6857ms -->
