﻿<?xml version="1.0" encoding="utf-8"?>
<deployment>
  <id>fb6fabbe2d0e44e20bf4540f735a63b45e4e7d73</id>
  <author>Christopher Atwell</author>
  <deployer>GitHub</deployer>
  <authorEmail>catwell@mys3tech.com</authorEmail>
  <message>Add PowerShell script for Azure App Service deployment
    
    Introduces deploy.ps1, a PowerShell script to automate deployment to Azure App Service using the ZipDeploy API. The script prompts for deployment credentials, uploads the specified zip file, and provides instructions for restarting the app service post-deployment. Also updates deploy.zip with the latest deployment package.</message>
  <progress></progress>
  <status>Success</status>
  <statusText></statusText>
  <lastSuccessEndTime>2025-10-23T18:43:53.948755Z</lastSuccessEndTime>
  <receivedTime>2025-10-23T18:38:42.5636026Z</receivedTime>
  <startTime>2025-10-23T18:38:44.0413004Z</startTime>
  <endTime>2025-10-23T18:43:53.948755Z</endTime>
  <complete>True</complete>
  <is_temp>False</is_temp>
  <is_readonly>False</is_readonly>
  <buildSummary />
</deployment>