﻿<?xml version="1.0" encoding="utf-8"?>
<deployment>
  <id>af31262fa758b7dced66a585c4beeab541b4633d</id>
  <author>Christopher Atwell</author>
  <deployer>GitHub</deployer>
  <authorEmail>catwell@mys3tech.com</authorEmail>
  <message>Add getItems endpoint to PlaylistController
    
    Introduces a new getItems method in PlaylistController to fetch all items for a playlist via GET /api/v1/playlists/:playlistId/items. Also updates typings for Azure config, environment variables, and Swagger config, and corrects a parameter in addItem from layoutId to contentId.</message>
  <progress></progress>
  <status>Success</status>
  <statusText></statusText>
  <lastSuccessEndTime>2025-10-21T18:53:37.5204019Z</lastSuccessEndTime>
  <receivedTime>2025-10-21T18:48:35.4795896Z</receivedTime>
  <startTime>2025-10-21T18:48:36.9254591Z</startTime>
  <endTime>2025-10-21T18:53:37.5204019Z</endTime>
  <complete>True</complete>
  <is_temp>False</is_temp>
  <is_readonly>False</is_readonly>
  <buildSummary />
</deployment>