﻿<?xml version="1.0" encoding="utf-8"?>
<deployment>
  <id>temp-02e4cb84</id>
  <author>N/A</author>
  <deployer>GitHub</deployer>
  <authorEmail>N/A</authorEmail>
  <message>Fetch from https://github.com/S3TechnologiesOH/DS_Backend</message>
  <progress></progress>
  <status>Failed</status>
  <statusText>Deployment has been stopped due to SCM container restart. The restart can happen due to a management operation on site. Do not perform a management operation and a deployment operation in quick succession. Adding a small delay can help avoid any conflicts.</statusText>
  <lastSuccessEndTime />
  <receivedTime>2025-10-17T14:43:49.4022528Z</receivedTime>
  <startTime>2025-10-17T14:43:49.4022528Z</startTime>
  <endTime>2025-10-17T14:45:52.8356465Z</endTime>
  <complete>True</complete>
  <is_temp>True</is_temp>
  <is_readonly>False</is_readonly>
  <buildSummary />
</deployment>