<step title="BackgroundTrace" date="2025-10-14T19:46:15.134" instance="37c775" url="/deploy" method="POST" >
  <step title="Creating temporary deployment - FetchDeploymentManager" date="2025-10-14T19:46:15.382" /><!-- duration: 4ms -->
  <step title="Creating temporary deployment" date="2025-10-14T19:46:15.391" /><!-- duration: 126ms -->
  <step title="Performing fetch based deployment" date="2025-10-14T19:46:15.841" >
    <step title="Deployment timer started" date="2025-10-14T19:46:20.000" >
      <step title="DeploymentManager.Deploy(id:bbdd2ffd1f473ec9907b35e3a20033e83362788a)" date="2025-10-14T19:46:20.012" >
        <step title="Collecting changeset information" date="2025-10-14T19:46:20.074" /><!-- duration: 359ms -->
        <step title="Updating submodules" date="2025-10-14T19:46:20.555" /><!-- duration: 1175ms -->
        <step title="Determining deployment builder" date="2025-10-14T19:46:22.131" >
          <step title="Builder is OryxBuilder" date="2025-10-14T19:46:22.142" /><!-- duration: 21ms -->
        </step><!-- duration: 50ms -->
        <step title="PreDeployment: context.CleanOutputPath False" date="2025-10-14T19:46:22.282" >
          <step title="PreDeployment: context.OutputPath /home/site/wwwroot" date="2025-10-14T19:46:22.431" >
            <step title="Building" date="2025-10-14T19:46:22.599" >
              <step title="Executing external process" date="2025-10-14T19:46:23.364" type="process" path="bash" arguments="-c &quot;oryx build /home/site/repository -o /home/site/wwwroot --platform nodejs --platform-version 22 -p virtualenv_name= --log-file /tmp/build-debug.log  -i /tmp/8de0b5a5a3bb225 -p compress_node_modules=tar-gz | tee /tmp/oryx-build.log ; exit $PIPESTATUS &quot;" 