<step title="Incoming Request" date="2025-10-14T16:42:53.212" instance="37c775" url="/api/sshkey?ensurePublicKey=True" method="GET" type="request" pid="820,1,50" Host="digital-signage-backend-fxeuazanh7cqd7d7.scm.eastus-01.azurewebsites.net" User-Agent="Azure-WebSites-Controller/105.0.7.86" Authorization="Bas..." x-ms-request-id="f86cd6ac-47ff-4c1e-b38d-4034813f9c8f" X-ARR-LOG-ID="f86cd6ac-47ff-4c1e-b38d-4034813f9c8f" CLIENT-IP="40.71.11.169:24837" X-SITE-DEPLOYMENT-ID="Digital-Signage-Backend" WAS-DEFAULT-HOSTNAME="digital-signage-backend-fxeuazanh7cqd7d7.scm.eastus-01.azurewebsites.net" X-MS-PLATFORM-INTERNAL="True" X-Forwarded-Proto="https" X-AppService-Proto="https" X-Forwarded-TlsVersion="1.3" X-WAWS-Unencoded-URL="/api/sshkey?ensurePublicKey=True" X-Client-IP="40.71.11.169" X-Client-Port="24837" >
  <step title="Cleanup Xml Logs" date="2025-10-14T16:42:53.223" /><!-- duration: 11ms -->
  <step title="SSHKeyController.GetPublicKey" date="2025-10-14T16:42:53.457" >
    <step title="SSHKeyManager.GetKey" date="2025-10-14T16:42:53.550" >
      <step title="Creating key pair." date="2025-10-14T16:42:53.558" /><!-- duration: 4ms -->
      <step title="SSHKeyManager.CreateKey" date="2025-10-14T16:42:53.582" /><!-- duration: 988ms -->
    </step><!-- duration: 1031ms -->
  </step><!-- duration: 1129ms -->
  <step title="Outgoing response" date="2025-10-14T16:42:54.621" type="response" statusCode="200" statusText="OK" /><!-- duration: 24ms -->
</step><!-- duration: 1445ms -->
