<step title="Incoming Request" date="2025-10-14T18:08:42.062" instance="37c775" url="/deploy?scmType=ExternalGit&amp;isAsync=true" method="POST" type="request" pid="821,1,27" Host="digital-signage-backend-fxeuazanh7cqd7d7.scm.eastus-01.azurewebsites.net" User-Agent="Azure-WebSites-Controller/105.0.7.86" Authorization="Bas..." Expect="100-continue" Content-Length="86" x-ms-request-id="6456a3e9-81b8-490c-b9e2-86f17590d84f" X-ARR-LOG-ID="6456a3e9-81b8-490c-b9e2-86f17590d84f" CLIENT-IP="40.71.11.169:19904" X-SITE-DEPLOYMENT-ID="Digital-Signage-Backend" WAS-DEFAULT-HOSTNAME="digital-signage-backend-fxeuazanh7cqd7d7.scm.eastus-01.azurewebsites.net" X-MS-PLATFORM-INTERNAL="True" X-Forwarded-Proto="https" X-AppService-Proto="https" X-Forwarded-TlsVersion="1.3" X-WAWS-Unencoded-URL="/deploy?scmType=ExternalGit&amp;isAsync=true" X-Client-IP="40.71.11.169" X-Client-Port="19904" >
  <step title="Cleanup Xml Logs" date="2025-10-14T18:08:42.072" /><!-- duration: 7ms -->
  <step title="FetchHandler" date="2025-10-14T18:08:42.163" >
    <step title="Executing external process" date="2025-10-14T18:08:42.238" type="process" path="git" arguments="rev-parse --git-dir" /><!-- duration: 37ms -->
    <step title="Executing external process" date="2025-10-14T18:08:42.286" type="process" path="git" arguments="rev-parse --git-dir" /><!-- duration: 50ms -->
    <step title="Executing external process" date="2025-10-14T18:08:42.348" type="process" path="git" arguments="log -n 1 main --" /><!-- duration: 100ms -->
    <step title="Start deployment in the background" date="2025-10-14T18:08:42.453" >
      <step title="Executing external process" date="2025-10-14T18:08:42.489" type="process" path="git" arguments="rev-parse --git-dir" /><!-- duration: 20ms -->
      <step title="Executing external process" date="2025-10-14T18:08:42.514" type="process" path="git" arguments="rev-parse --git-dir" /><!-- duration: 15ms -->
      <step title="Executing external process" date="2025-10-14T18:08:42.533" type="process" path="git" arguments="log -n 1 main --" /><!-- duration: 32ms -->
      <step title="Acquiring Deployment Lock" date="2025-10-14T18:08:42.569" /><!-- duration: 4ms -->
      <step title="Acquired Deployment Lock" date="2025-10-14T18:08:42.613" /><!-- duration: 4ms -->
    </step><!-- duration: 311ms -->
  </step><!-- duration: 612ms -->
  <step title="Outgoing response" date="2025-10-14T18:08:42.803" type="response" statusCode="202" statusText="Accepted" /><!-- duration: 4ms -->
</step><!-- duration: 749ms -->
